Workbook
Name NativeTimeline_Date: #N/A
Name Slicer_Day_Type: #N/A
Name Slicer_Day_Type1: #N/A
Name Slicer_Weather_Code: #N/A

Sheet Table1
A1: instant | B1: dteday | C1: season | D1: yr | E1: mnth | F1: hr | G1: holiday | H1: weekday | I1: weathersit | J1: temp
A2: 1 | B2: 40544 | C2: 1 | D2: 0 | E2: 1 | F2: 0 | G2: FALSE | H2: 6 | I2: 1 | J2: 0.24
A3: 2 | B3: 40544 | C3: 1 | D3: 0 | E3: 1 | F3: 1 | G3: FALSE | H3: 6 | I3: 1 | J3: 0.22
A4: 3 | B4: 40544 | C4: 1 | D4: 0 | E4: 1 | F4: 2 | G4: FALSE | H4: 6 | I4: 1 | J4: 0.22
A5: 4 | B5: 40544 | C5: 1 | D5: 0 | E5: 1 | F5: 3 | G5: FALSE | H5: 6 | I5: 1 | J5: 0.24
A6: 5 | B6: 40544 | C6: 1 | D6: 0 | E6: 1 | F6: 4 | G6: FALSE | H6: 6 | I6: 1 | J6: 0.24
A7: 6 | B7: 40544 | C7: 1 | D7: 0 | E7: 1 | F7: 5 | G7: FALSE | H7: 6 | I7: 2 | J7: 0.24
A8: 7 | B8: 40544 | C8: 1 | D8: 0 | E8: 1 | F8: 6 | G8: FALSE | H8: 6 | I8: 1 | J8: 0.22
A9: 8 | B9: 40544 | C9: 1 | D9: 0 | E9: 1 | F9: 7 | G9: FALSE | H9: 6 | I9: 1 | J9: 0.2
A10: 9 | B10: 40544 | C10: 1 | D10: 0 | E10: 1 | F10: 8 | G10: FALSE | H10: 6 | I10: 1 | J10: 0.24
A11: 10 | B11: 40544 | C11: 1 | D11: 0 | E11: 1 | F11: 9 | G11: FALSE | H11: 6 | I11: 1 | J11: 0.32
A12: 11 | B12: 40544 | C12: 1 | D12: 0 | E12: 1 | F12: 10 | G12: FALSE | H12: 6 | I12: 1 | J12: 0.38
A13: 12 | B13: 40544 | C13: 1 | D13: 0 | E13: 1 | F13: 11 | G13: FALSE | H13: 6 | I13: 1 | J13: 0.36
... A611: 610 | B611: 40571 | C611: 1 | D611: 0 | E611: 1 | F611: 15 | G611: FALSE | H611: 5 | I611: 2 | J611: 0.2

Sheet Cleaned_dataset_1
A1: instant | B1: dteday | C1: season | D1: yr | E1: mnth | F1: hr | G1: holiday | H1: weekday | I1: weathersit | J1: temp
A2: 1 | B2: 40544 | C2: 1 | D2: 0 | E2: 1 | F2: 0 | G2: FALSE | H2: 6 | I2: 1 | J2: 0.24
A3: 2 | B3: 40544 | C3: 1 | D3: 0 | E3: 1 | F3: 1 | G3: FALSE | H3: 6 | I3: 1 | J3: 0.22
A4: 3 | B4: 40544 | C4: 1 | D4: 0 | E4: 1 | F4: 2 | G4: FALSE | H4: 6 | I4: 1 | J4: 0.22
A5: 4 | B5: 40544 | C5: 1 | D5: 0 | E5: 1 | F5: 3 | G5: FALSE | H5: 6 | I5: 1 | J5: 0.24
A6: 5 | B6: 40544 | C6: 1 | D6: 0 | E6: 1 | F6: 4 | G6: FALSE | H6: 6 | I6: 1 | J6: 0.24
A7: 6 | B7: 40544 | C7: 1 | D7: 0 | E7: 1 | F7: 5 | G7: FALSE | H7: 6 | I7: 2 | J7: 0.24
A8: 7 | B8: 40544 | C8: 1 | D8: 0 | E8: 1 | F8: 6 | G8: FALSE | H8: 6 | I8: 1 | J8: 0.22
A9: 8 | B9: 40544 | C9: 1 | D9: 0 | E9: 1 | F9: 7 | G9: FALSE | H9: 6 | I9: 1 | J9: 0.2
A10: 9 | B10: 40544 | C10: 1 | D10: 0 | E10: 1 | F10: 8 | G10: FALSE | H10: 6 | I10: 1 | J10: 0.24
A11: 10 | B11: 40544 | C11: 1 | D11: 0 | E11: 1 | F11: 9 | G11: FALSE | H11: 6 | I11: 1 | J11: 0.32
A12: 11 | B12: 40544 | C12: 1 | D12: 0 | E12: 1 | F12: 10 | G12: FALSE | H12: 6 | I12: 1 | J12: 0.38
A13: 12 | B13: 40544 | C13: 1 | D13: 0 | E13: 1 | F13: 11 | G13: FALSE | H13: 6 | I13: 1 | J13: 0.36
... A611: 610 | B611: 40571 | C611: 1 | D611: 0 | E611: 1 | F611: 15 | G611: FALSE | H611: 5 | I611: 2 | J611: 0.2

Sheet Merge1
A1: instant | B1: dteday | C1: season | D1: yr | E1: mnth | F1: hr | G1: holiday | H1: weekday | I1: weathersit | J1: temp
A2: 1 | B2: 40544 | C2: 1 | D2: 0 | E2: 1 | F2: 0 | G2: FALSE | H2: 6 | I2: 1 | J2: 0.24
A3: 2 | B3: 40544 | C3: 1 | D3: 0 | E3: 1 | F3: 1 | G3: FALSE | H3: 6 | I3: 1 | J3: 0.22
A4: 3 | B4: 40544 | C4: 1 | D4: 0 | E4: 1 | F4: 2 | G4: FALSE | H4: 6 | I4: 1 | J4: 0.22
A5: 4 | B5: 40544 | C5: 1 | D5: 0 | E5: 1 | F5: 3 | G5: FALSE | H5: 6 | I5: 1 | J5: 0.24
A6: 5 | B6: 40544 | C6: 1 | D6: 0 | E6: 1 | F6: 4 | G6: FALSE | H6: 6 | I6: 1 | J6: 0.24
A7: 6 | B7: 40544 | C7: 1 | D7: 0 | E7: 1 | F7: 5 | G7: FALSE | H7: 6 | I7: 2 | J7: 0.24
A8: 7 | B8: 40544 | C8: 1 | D8: 0 | E8: 1 | F8: 6 | G8: FALSE | H8: 6 | I8: 1 | J8: 0.22
A9: 8 | B9: 40544 | C9: 1 | D9: 0 | E9: 1 | F9: 7 | G9: FALSE | H9: 6 | I9: 1 | J9: 0.2
A10: 9 | B10: 40544 | C10: 1 | D10: 0 | E10: 1 | F10: 8 | G10: FALSE | H10: 6 | I10: 1 | J10: 0.24
A11: 10 | B11: 40544 | C11: 1 | D11: 0 | E11: 1 | F11: 9 | G11: FALSE | H11: 6 | I11: 1 | J11: 0.32
A12: 11 | B12: 40544 | C12: 1 | D12: 0 | E12: 1 | F12: 10 | G12: FALSE | H12: 6 | I12: 1 | J12: 0.38
A13: 12 | B13: 40544 | C13: 1 | D13: 0 | E13: 1 | F13: 11 | G13: FALSE | H13: 6 | I13: 1 | J13: 0.36
... A611: 610 | B611: 40571 | C611: 1 | D611: 0 | E611: 1 | F611: 15 | G611: FALSE | H611: 5 | I611: 2 | J611: 0.2

Sheet Cleaned_Dataset_2
A1: instant | B1: atemp | C1: hum | D1: windspeed | E1: casual | F1: registered | G1: cnt
A2: 1 | B2: 0.2879 | C2: 0.81 | D2: 0 | E2: 3 | F2: 13 | G2: 16
A3: 2 | B3: 0.2727 | C3: 0.8 | D3: 0 | E3: 8 | F3: 32 | G3: 40
A4: 3 | B4: 0.2727 | C4: 0.8 | D4: 0 | E4: 5 | F4: 27 | G4: 32
A5: 4 | B5: 0.2879 | C5: 0.75 | D5: 0 | E5: 3 | F5: 10 | G5: 13
A6: 5 | B6: 0.2879 | C6: 0.75 | D6: 0 | E6: 0 | F6: 1 | G6: 1
A7: 6 | B7: 0.2576 | C7: 0.75 | D7: 0.0896 | E7: 0 | F7: 1 | G7: 1
A8: 7 | B8: 0.2727 | C8: 0.8 | D8: 0 | E8: 2 | F8: 0 | G8: 2
A9: 8 | B9: 0.2576 | C9: 0.86 | D9: 0 | E9: 1 | F9: 2 | G9: 3
A10: 9 | C10: 0.75 | D10: 0 | E10: 1 | F10: 7 | G10: 8
A11: 10 | B11: 0.3485 | C11: 0.76 | D11: 0 | E11: 8 | F11: 6 | G11: 14
A12: 11 | B12: 0.3939 | C12: 0.76 | D12: 0.2537 | E12: 12 | F12: 24 | G12: 36
A13: 12 | B13: 0.3333 | C13: 0.81 | D13: 0.2836 | E13: 26 | F13: 30 | G13: 56
A14: 13 | B14: 0.4242 | C14: 0.77 | D14: 0.2836 | E14: 29 | F14: 55 | G14: 84
A15: 14 | B15: 0.4545 | C15: 0.72 | D15: 0.2985 | E15: 47 | F15: 47 | G15: 94
A16: 15 | B16: 0.4545 | C16: 0.72 | D16: 0.2836 | E16: 35 | F16: 71 | G16: 106
A17: 16 | B17: 0.4394 | C17: 0.77 | D17: 0.2985 | E17: 40 | F17: 70 | G17: 110
A18: 17 | B18: 0.4242 | C18: 0.82 | D18: 0.2985 | E18: 41 | F18: 52 | G18: 93
A19: 18 | C19: 0.82 | D19: 0.2836 | E19: 15 | F19: 52 | G19: 67
A20: 19 | B20: 0.4242 | C20: 0.88 | D20: 0.2537 | E20: 9 | F20: 26 | G20: 35
A21: 20 | B21: 0.4242 | C21: 0.88 | D21: 0.2537 | E21: 6 | F21: 31 | G21: 37
A22: 21 | B22: 0.4091 | C22: 0.87 | D22: 0.2537 | E22: 11 | F22: 25 | G22: 36
A23: 22 | B23: 0.4091 | C23: 0.87 | D23: 0.194 | E23: 3 | F23: 31 | G23: 34
A24: 23 | B24: 0.4091 | C24: 0.94 | D24: 0.2239 | E24: 11 | F24: 17 | G24: 28
A25: 24 | C25: 0.88 | D25: 0.2985 | E25: 15 | F25: 24 | G25: 39
A26: 25 | B26: 0.4545 | C26: 0.88 | D26: 0.2985 | E26: 4 | F26: 13 | G26: 17
A27: 26 | B27: 0.4394 | C27: 0.94 | D27: 0.2537 | E27: 1 | F27: 16 | G27: 17
A28: 27 | B28: 0.4242 | C28: 1 | D28: 0.2836 | E28: 1 | F28: 8 | G28: 9
A29: 28 | B29: 0.4545 | C29: 0.94 | D29: 0.194 | E29: 2 | F29: 4 | G29: 6
A30: 29 | C30: 0.94 | D30: 0.194 | E30: 2 | F30: 1 | G30: 3
A31: 30 | B31: 0.4242 | C31: 0.77 | D31: 0.2985 | E31: 0 | F31: 2 | G31: 2
A32: 31 | B32: 0.4091 | C32: 0.76 | D32: 0.194 | E32: 0 | F32: 1 | G32: 1
A33: 32 | B33: 0.4091 | C33: 0.71 | D33: 0.2239 | E33: 0 | F33: 8 | G33: 8
A34: 33 | C34: 0.76 | D34: 0.2239 | E34: 1 | F34: 19 | G34: 20
A35: 34 | B35: 0.3485 | C35: 0.81 | D35: 0.2239 | E35: 7 | F35: 46 | G35: 53
A36: 35 | B36: 0.3333 | C36: 0.71 | D36: 0.2537 | E36: 16 | F36: 54 | G36: 70
A37: 36 | B37: 0.3333 | C37: 0.66 | D37: 0.2985 | E37: 20 | F37: 73 | G37: 93
A38: 37 | B38: 0.3485 | C38: 0.66 | D38: 0.1343 | E38: 11 | F38: 64 | G38: 75
A39: 38 | C39: 0.76 | D39: 0.194 | E39: 4 | F39: 55 | G39: 59
A40: 39 | B40: 0.3333 | C40: 0.81 | D40: 0.1642 | E40: 19 | F40: 55 | G40: 74
A41: 40 | B41: 0.3333 | C41: 0.71 | D41: 0.1642 | E41: 9 | F41: 67 | G41: 76
A42: 41 | B42: 0.3333 | C42: 0.57 | D42: 0.194 | E42: 7 | F42: 58 | G42: 65
A43: 42 | B43: 0.3333 | C43: 0.46 | D43: 0.3284 | E43: 10 | F43: 43 | G43: 53
A44: 43 | B44: 0.2879 | C44: 0.42 | D44: 0.4478 | E44: 1 | F44: 29 | G44: 30
A45: 44 | C45: 0.39 | D45: 0.3582 | E45: 5 | F45: 17 | G45: 22
A46: 45 | B46: 0.2273 | C46: 0.44 | D46: 0.3284 | E46: 11 | F46: 20 | G46: 31
A47: 46 | B47: 0.2121 | C47: 0.44 | D47: 0.2985 | E47: 0 | F47: 9 | G47: 9
A48: 47 | B48: 0.2273 | C48: 0.47 | D48: 0.1642 | E48: 0 | F48: 8 | G48: 8
A49: 48 | B49: 0.197 | C49: 0.44 | D49: 0.3582 | E49: 0 | F49: 5 | G49: 5
A50: 49 | C50: 0.44 | D50: 0.4179 | E50: 0 | F50: 2 | G50: 2
A51: 50 | B51: 0.1364 | C51: 0.47 | D51: 0.3881 | E51: 0 | F51: 1 | G51: 1
A52: 51 | B52: 0.1364 | C52: 0.47 | D52: 0.2836 | E52: 0 | F52: 3 | G52: 3
A53: 52 | B53: 0.1061 | C53: 0.5 | D53: 0.3881 | E53: 0 | F53: 30 | G53: 30
A54: 53 | B54: 0.1364 | C54: 0.5 | D54: 0.194 | E54: 1 | F54: 63 | G54: 64
A55: 54 | B55: 0.1212 | C55: 0.5 | D55: 0.2836 | E55: 1 | F55: 153 | G55: 154
A56: 55 | B56: 0.1364 | C56: 0.43 | D56: 0.3881 | E56: 7 | F56: 81 | G56: 88
A57: 56 | B57: 0.1667 | C57: 0.43 | D57: 0.2537 | E57: 11 | F57: 33 | G57: 44
A58: 57 | B58: 0.1818 | C58: 0.4 | D58: 0.3284 | E58: 10 | F58: 41 | G58: 51
A59: 58 | B59: 0.2121 | C59: 0.35 | D59: 0.2985 | E59: 13 | F59: 48 | G59: 61
A60: 59 | C60: 0.35 | D60: 0.2836 | E60: 8 | F60: 53 | G60: 61
A61: 60 | B61: 0.2424 | C61: 0.3 | D61: 0.2836 | E61: 11 | F61: 66 | G61: 77
A62: 61 | B62: 0.2424 | C62: 0.3 | D62: 0.2537 | E62: 14 | F62: 58 | G62: 72
A63: 62 | B63: 0.2424 | C63: 0.3 | D63: 0.2537 | E63: 9 | F63: 67 | G63: 76
A64: 63 | B64: 0.2273 | C64: 0.3 | D64: 0.2239 | E64: 11 | F64: 146 | G64: 157
A65: 64 | B65: 0.2576 | C65: 0.32 | D65: 0.1045 | E65: 9 | F65: 148 | G65: 157
A66: 65 | B66: 0.2576 | C66: 0.47 | D66: 0 | E66: 8 | F66: 102 | G66: 110
A67: 66 | C67: 0.47 | D67: 0.1045 | E67: 3 | F67: 49 | G67: 52
A68: 67 | B68: 0.197 | C68: 0.64 | D68: 0.1343 | E68: 3 | F68: 49 | G68: 52
A69: 68 | B69: 0.1515 | C69: 0.69 | D69: 0.1343 | E69: 0 | F69: 20 | G69: 20
A70: 69 | B70: 0.2121 | C70: 0.55 | D70: 0.1045 | E70: 1 | F70: 11 | G70: 12
A71: 70 | C71: 0.55 | D71: 0.1045 | E71: 0 | F71: 5 | G71: 5
A72: 71 | B72: 0.1818 | C72: 0.59 | D72: 0.1045 | E72: 0 | F72: 2 | G72: 2
A73: 72 | B73: 0.1515 | C73: 0.63 | D73: 0.1343 | E73: 0 | F73: 1 | G73: 1
A74: 73 | B74: 0.1818 | C74: 0.63 | D74: 0.0896 | E74: 0 | F74: 2 | G74: 2
A75: 74 | B75: 0.1515 | C75: 0.68 | D75: 0.1045 | E75: 0 | F75: 4 | G75: 4
A76: 75 | B76: 0.1515 | C76: 0.74 | D76: 0.1045 | E76: 0 | F76: 36 | G76: 36
A77: 76 | B77: 0.1515 | C77: 0.74 | D77: 0.1343 | E77: 2 | F77: 92 | G77: 94
A78: 77 | B78: 0.1515 | C78: 0.69 | D78: 0.1642 | E78: 2 | F78: 177 | G78: 179
A79: 78 | B79: 0.1515 | C79: 0.64 | D79: 0.2239 | E79: 2 | F79: 98 | G79: 100
A80: 79 | B80: 0.1364 | C80: 0.69 | D80: 0.3284 | E80: 5 | F80: 37 | G80: 42
A81: 80 | B81: 0.2121 | C81: 0.51 | D81: 0.2985 | E81: 7 | F81: 50 | G81: 57
A82: 81 | B82: 0.2273 | C82: 0.51 | D82: 0.1642 | E82: 12 | F82: 66 | G82: 78
A83: 82 | B83: 0.2273 | C83: 0.56 | D83: 0.194 | E83: 18 | F83: 79 | G83: 97
... A611: 610 | B611: 0.2576 | C611: 0.86 | D611: 0 | E611: 1 | F611: 40 | G611: 41

Sheet Cleaned_dataset_3
A1: instant | B1: dteday | C1: season | D1: yr | E1: mnth | F1: hr | G1: holiday | H1: weekday | I1: weathersit | J1: temp | K1: atemp | L1: hum | M1: windspeed | N1: casual | O1: registered | P1: cnt
A2: 620 | B2: 40572 | C2: 1 | D2: 0 | E2: 1 | F2: 1 | G2: FALSE | H2: 6 | I2: 1 | J2: 0.22 | K2: 0.2273 | L2: 0.64 | M2: 0.194 | N2: 0 | O2: 20 | P2: 20
A3: 621 | B3: 40572 | C3: 1 | D3: 0 | E3: 1 | F3: 2 | G3: FALSE | H3: 6 | I3: 1 | J3: 0.22 | K3: 0.2273 | L3: 0.64 | M3: 0.1642 | N3: 0 | O3: 15 | P3: 15
A4: 622 | B4: 40572 | C4: 1 | D4: 0 | E4: 1 | F4: 3 | G4: FALSE | H4: 6 | I4: 1 | J4: 0.2 | K4: 0.2121 | L4: 0.64 | M4: 0.1343 | N4: 3 | O4: 5 | P4: 8
A5: 623 | B5: 40572 | C5: 1 | D5: 0 | E5: 1 | F5: 4 | G5: FALSE | H5: 6 | I5: 1 | J5: 0.16 | K5: 0.1818 | L5: 0.69 | M5: 0.1045 | N5: 1 | O5: 2 | P5: 3
A6: 624 | B6: 40572 | C6: 1 | D6: 0 | E6: 1 | F6: 6 | G6: FALSE | H6: 6 | I6: 1 | J6: 0.16 | K6: 0.1818 | L6: 0.64 | M6: 0.1343 | N6: 0 | O6: 2 | P6: 2
A7: 625 | B7: 40572 | C7: 1 | D7: 0 | E7: 1 | F7: 7 | G7: FALSE | H7: 6 | I7: 1 | J7: 0.16 | K7: 0.1818 | L7: 0.59 | M7: 0.1045 | N7: 1 | O7: 4 | P7: 5
A8: 626 | B8: 40572 | C8: 1 | D8: 0 | E8: 1 | F8: 8 | G8: FALSE | H8: 6 | I8: 1 | J8: 0.18 | K8: 0.197 | L8: 0.55 | M8: 0.1642 | N8: 3 | O8: 31 | P8: 34
A9: 627 | B9: 40572 | C9: 1 | D9: 0 | E9: 1 | F9: 9 | G9: FALSE | H9: 6 | I9: 1 | J9: 0.18 | K9: 0.2121 | L9: 0.59 | M9: 0.0896 | N9: 0 | O9: 34 | P9: 34
A10: 628 | B10: 40572 | C10: 1 | D10: 0 | E10: 1 | F10: 10 | G10: FALSE | H10: 6 | I10: 2 | J10: 0.18 | K10: 0.2121 | L10: 0.64 | M10: 0.1045 | N10: 4 | O10: 51 | P10: 55
A11: 629 | B11: 40572 | C11: 1 | D11: 0 | E11: 1 | F11: 11 | G11: FALSE | H11: 6 | I11: 2 | J11: 0.18 | K11: 0.197 | L11: 0.64 | M11: 0.1343 | N11: 4 | O11: 60 | P11: 64
A12: 630 | B12: 40572 | C12: 1 | D12: 0 | E12: 1 | F12: 12 | G12: FALSE | H12: 6 | I12: 2 | J12: 0.2 | K12: 0.197 | L12: 0.59 | M12: 0.194 | N12: 12 | O12: 66 | P12: 78
A13: 631 | B13: 40572 | C13: 1 | D13: 0 | E13: 1 | F13: 13 | G13: FALSE | H13: 6 | I13: 2 | J13: 0.22 | K13: 0.2273 | L13: 0.55 | M13: 0.1642 | N13: 9 | O13: 56 | P13: 65
... A391: 619 | B391: 40572 | C391: 1 | D391: 0 | E391: 1 | F391: 0 | G391: FALSE | H391: 6 | I391: 1 | J391: 0.22 | K391: 0.197 | L391: 0.64 | M391: 0.3582 | N391: 2 | O391: 26 | P391: 28

Sheet cleaned_dataset A
A1: Record_Id | B1: Date | C1: Season_Code | D1: Year | E1: Month | F1: Hour | G1: Holiday | H1: Day_Code | I1: Day_Type | J1: Weather_Code | K1: Temperature | L1: Assumed_Temperature | M1: Humidity | N1: Wind_Speed | O1: Casual_Rentals | P1: Registered_Rentals | Q1: Total_Rentals | R1: Weather_Description
A2: 1 | B2: 40544 | C2: winter | D2: 0 | E2: January | F2: 0 | G2: FALSE | H2: 6 | I2: Saturday | J2: 1 | K2: 0.24 | L2: 0.2879 | M2: 0.81 | N2: 0 | O2: 3 | P2: 13 | Q2: =SUM(Append1[[#This Row],[Casual_Rentals]],Append1[[#This Row],[Registered_Rentals]]) -> 16 | R2: Clear
A3: 2 | B3: 40544 | C3: winter | D3: 0 | E3: January | F3: 1 | G3: FALSE | H3: 6 | I3: Saturday | J3: 1 | K3: 0.22 | L3: 0.2727 | M3: 0.8 | N3: 0 | O3: 8 | P3: 32 | Q3: =SUM(Append1[[#This Row],[Casual_Rentals]],Append1[[#This Row],[Registered_Rentals]]) -> 40 | R3: Clear
A4: 3 | B4: 40544 | C4: winter | D4: 0 | E4: January | F4: 2 | G4: FALSE | H4: 6 | I4: Saturday | J4: 1 | K4: 0.22 | L4: 0.2727 | M4: 0.8 | N4: 0 | O4: 5 | P4: 27 | Q4: =SUM(Append1[[#This Row],[Casual_Rentals]],Append1[[#This Row],[Registered_Rentals]]) -> 32 | R4: Clear
A5: 4 | B5: 40544 | C5: winter | D5: 0 | E5: January | F5: 3 | G5: FALSE | H5: 6 | I5: Saturday | J5: 1 | K5: 0.24 | L5: 0.2879 | M5: 0.75 | N5: 0 | O5: 3 | P5: 10 | Q5: =SUM(Append1[[#This Row],[Casual_Rentals]],Append1[[#This Row],[Registered_Rentals]]) -> 13 | R5: Clear
A6: 5 | B6: 40544 | C6: winter | D6: 0 | E6: January | F6: 4 | G6: FALSE | H6: 6 | I6: Saturday | J6: 1 | K6: 0.24 | L6: 0.2879 | M6: 0.75 | N6: 0 | O6: 0 | P6: 1 | Q6: =SUM(Append1[[#This Row],[Casual_Rentals]],Append1[[#This Row],[Registered_Rentals]]) -> 1 | R6: Clear
A7: 6 | B7: 40544 | C7: winter | D7: 0 | E7: January | F7: 5 | G7: FALSE | H7: 6 | I7: Saturday | J7: 2 | K7: 0.24 | L7: 0.2576 | M7: 0.75 | N7: 0.0896 | O7: 0 | P7: 1 | Q7: =SUM(Append1[[#This Row],[Casual_Rentals]],Append1[[#This Row],[Registered_Rentals]]) -> 1 | R7: Cloudy
A8: 7 | B8: 40544 | C8: winter | D8: 0 | E8: January | F8: 6 | G8: FALSE | H8: 6 | I8: Saturday | J8: 1 | K8: 0.22 | L8: 0.2727 | M8: 0.8 | N8: 0 | O8: 2 | P8: 0 | Q8: =SUM(Append1[[#This Row],[Casual_Rentals]],Append1[[#This Row],[Registered_Rentals]]) -> 2 | R8: Clear
A9: 8 | B9: 40544 | C9: winter | D9: 0 | E9: January | F9: 7 | G9: FALSE | H9: 6 | I9: Saturday | J9: 1 | K9: 0.2 | L9: 0.2576 | M9: 0.86 | N9: 0 | O9: 1 | P9: 2 | Q9: =SUM(Append1[[#This Row],[Casual_Rentals]],Append1[[#This Row],[Registered_Rentals]]) -> 3 | R9: Clear
A10: 9 | B10: 40544 | C10: winter | D10: 0 | E10: January | F10: 8 | G10: FALSE | H10: 6 | I10: Saturday | J10: 1 | K10: 0.24 | L10: 0.2576 | M10: 0.75 | N10: 0 | O10: 1 | P10: 7 | Q10: =SUM(Append1[[#This Row],[Casual_Rentals]],Append1[[#This Row],[Registered_Rentals]]) -> 8 | R10: Clear
A11: 10 | B11: 40544 | C11: winter | D11: 0 | E11: January | F11: 9 | G11: FALSE | H11: 6 | I11: Saturday | J11: 1 | K11: 0.32 | L11: 0.3485 | M11: 0.76 | N11: 0 | O11: 8 | P11: 6 | Q11: =SUM(Append1[[#This Row],[Casual_Rentals]],Append1[[#This Row],[Registered_Rentals]]) -> 14 | R11: Clear
A12: 11 | B12: 40544 | C12: winter | D12: 0 | E12: January | F12: 10 | G12: FALSE | H12: 6 | I12: Saturday | J12: 1 | K12: 0.38 | L12: 0.3939 | M12: 0.76 | N12: 0.2537 | O12: 12 | P12: 24 | Q12: =SUM(Append1[[#This Row],[Casual_Rentals]],Append1[[#This Row],[Registered_Rentals]]) -> 36 | R12: Clear
A13: 12 | B13: 40544 | C13: winter | D13: 0 | E13: January | F13: 11 | G13: FALSE | H13: 6 | I13: Saturday | J13: 1 | K13: 0.36 | L13: 0.3333 | M13: 0.81 | N13: 0.2836 | O13: 26 | P13: 30 | Q13: =SUM(Append1[[#This Row],[Casual_Rentals]],Append1[[#This Row],[Registered_Rentals]]) -> 56 | R13: Clear
... A611: 610 | B611: 40571 | C611: winter | D611: 0 | E611: January | F611: 15 | G611: FALSE | H611: 5 | I611: Friday | J611: 2 | K611: 0.2 | L611: 0.2576 | M611: 0.86 | N611: 0 | O611: 1 | P611: 40 | Q611: =SUM(Append1[[#This Row],[Casual_Rentals]],Append1[[#This Row],[Registered_Rentals]]) -> 41 | R611: Cloudy
A612: 611 | B612: 40571 | C612: winter | D612: 0 | E612: January | F612: 16 | G612: FALSE | H612: 5 | I612: Friday | J612: 1 | K612: 0.22 | L612: 0.2727 | M612: 0.8 | N612: 0 | O612: 10 | P612: 70 | Q612: 80 | R612: Clear
A613: 612 | B613: 40571 | C613: winter | D613: 0 | E613: January | F613: 17 | G613: FALSE | H613: 5 | I613: Friday | J613: 1 | K613: 0.24 | L613: 0.2424 | M613: 0.75 | N613: 0.1343 | O613: 2 | P613: 147 | Q613: 149 | R613: Clear
A614: 613 | B614: 40571 | C614: winter | D614: 0 | E614: January | F614: 18 | G614: FALSE | H614: 5 | I614: Friday | J614: 1 | K614: 0.24 | L614: 0.2273 | M614: 0.75 | N614: 0.194 | O614: 2 | P614: 107 | Q614: 109 | R614: Clear
A615: 614 | B615: 40571 | C615: winter | D615: 0 | E615: January | F615: 19 | G615: FALSE | H615: 5 | I615: Friday | J615: 2 | K615: 0.24 | L615: 0.2424 | M615: 0.75 | N615: 0.1343 | O615: 5 | P615: 84 | Q615: 89 | R615: Cloudy
A616: 615 | B616: 40571 | C616: winter | D616: 0 | E616: January | F616: 20 | G616: FALSE | H616: 5 | I616: Friday | J616: 2 | K616: 0.24 | L616: 0.2273 | M616: 0.7 | N616: 0.194 | O616: 1 | P616: 61 | Q616: 62 | R616: Cloudy
A617: 616 | B617: 40571 | C617: winter | D617: 0 | E617: January | F617: 21 | G617: FALSE | H617: 5 | I617: Friday | J617: 2 | K617: 0.22 | L617: 0.2273 | M617: 0.75 | N617: 0.1343 | O617: 1 | P617: 57 | Q617: 58 | R617: Cloudy
A618: 617 | B618: 40571 | C618: winter | D618: 0 | E618: January | F618: 22 | G618: FALSE | H618: 5 | I618: Friday | J618: 1 | K618: 0.24 | L618: 0.2121 | M618: 0.65 | N618: 0.3582 | O618: 0 | P618: 26 | Q618: 26 | R618: Clear
A619: 618 | B619: 40571 | C619: winter | D619: 0 | E619: January | F619: 23 | G619: FALSE | H619: 5 | I619: Friday | J619: 1 | K619: 0.24 | L619: 0.2273 | M619: 0.6 | N619: 0.2239 | O619: 1 | P619: 22 | Q619: 23 | R619: Clear
A620: 619 | B620: 40572 | C620: winter | D620: 0 | E620: January | F620: 0 | G620: FALSE | H620: 6 | I620: Saturday | J620: 1 | K620: 0.22 | L620: 0.197 | M620: 0.64 | N620: 0.3582 | O620: 2 | P620: 26 | Q620: 28 | R620: Clear
A621: 620 | B621: 40572 | C621: winter | D621: 0 | E621: January | F621: 1 | G621: FALSE | H621: 6 | I621: Saturday | J621: 1 | K621: 0.22 | L621: 0.2273 | M621: 0.64 | N621: 0.194 | O621: 0 | P621: 20 | Q621: 20 | R621: Clear
A622: 621 | B622: 40572 | C622: winter | D622: 0 | E622: January | F622: 2 | G622: FALSE | H622: 6 | I622: Saturday | J622: 1 | K622: 0.22 | L622: 0.2273 | M622: 0.64 | N622: 0.1642 | O622: 0 | P622: 15 | Q622: 15 | R622: Clear
A623: 622 | B623: 40572 | C623: winter | D623: 0 | E623: January | F623: 3 | G623: FALSE | H623: 6 | I623: Saturday | J623: 1 | K623: 0.2 | L623: 0.2121 | M623: 0.64 | N623: 0.1343 | O623: 3 | P623: 5 | Q623: 8 | R623: Clear
... A1001: 1000 | B1001: 40588 | C1001: winter | D1001: 0 | E1001: February | F1001: 7 | G1001: FALSE | H1001: 1 | I1001: Monday | J1001: 1 | K1001: 0.34 | L1001: 0.303 | M1001: 0.46 | N1001: 0.2985 | O1001: 2 | P1001: 96 | Q1001: 98 | R1001: Clear

Sheet Sheet13
A1: Date | B1: Total_Rentals | C1: Forecast(Total_Rentals) | D1: Lower Confidence Bound(Total_Rentals) | E1: Upper Confidence Bound(Total_Rentals)
A2: 40544 | B2: 41.041667
A3: 40545 | B3: 34.826087
A4: 40546 | B4: 61.318182
A5: 40547 | B5: 67.913043
A6: 40548 | B6: 69.565217
A7: 40549 | B7: 69.826087
A8: 40550 | B8: 65.652174
A9: 40551 | B9: 39.958333
A10: 40552 | B10: 34.25
A11: 40553 | B11: 55.041667
A12: 40554 | B12: 57.409091
A13: 40555 | B13: 52.818182
... A45: 40587 | B45: 69.086957
A46: 40588 | B46: 18.875 | C46: 18.875 | D46: 18.875 | E46: 18.875
A47: 40589 | C47: =_xlfn.FORECAST.ETS(A47,$B$2:$B$46,$A$2:$A$46,1,1) -> 61.270134 | D47: =C47-_xlfn.FORECAST.ETS.CONFINT(A47,$B$2:$B$46,$A$2:$A$46,0.95,1,1) -> 31.858656 | E47: =C47+_xlfn.FORECAST.ETS.CONFINT(A47,$B$2:$B$46,$A$2:$A$46,0.95,1,1) -> 90.681612
A48: 40590 | C48: =_xlfn.FORECAST.ETS(A48,$B$2:$B$46,$A$2:$A$46,1,1) -> 61.525828 | D48: =C48-_xlfn.FORECAST.ETS.CONFINT(A48,$B$2:$B$46,$A$2:$A$46,0.95,1,1) -> 31.878109 | E48: =C48+_xlfn.FORECAST.ETS.CONFINT(A48,$B$2:$B$46,$A$2:$A$46,0.95,1,1) -> 91.173546
A49: 40591 | C49: =_xlfn.FORECAST.ETS(A49,$B$2:$B$46,$A$2:$A$46,1,1) -> 61.781521 | D49: =C49-_xlfn.FORECAST.ETS.CONFINT(A49,$B$2:$B$46,$A$2:$A$46,0.95,1,1) -> 31.89574 | E49: =C49+_xlfn.FORECAST.ETS.CONFINT(A49,$B$2:$B$46,$A$2:$A$46,0.95,1,1) -> 91.667303
A50: 40592 | C50: =_xlfn.FORECAST.ETS(A50,$B$2:$B$46,$A$2:$A$46,1,1) -> 62.037215 | D50: =C50-_xlfn.FORECAST.ETS.CONFINT(A50,$B$2:$B$46,$A$2:$A$46,0.95,1,1) -> 31.911562 | E50: =C50+_xlfn.FORECAST.ETS.CONFINT(A50,$B$2:$B$46,$A$2:$A$46,0.95,1,1) -> 92.162868
A51: 40593 | C51: =_xlfn.FORECAST.ETS(A51,$B$2:$B$46,$A$2:$A$46,1,1) -> 62.292909 | D51: =C51-_xlfn.FORECAST.ETS.CONFINT(A51,$B$2:$B$46,$A$2:$A$46,0.95,1,1) -> 31.925589 | E51: =C51+_xlfn.FORECAST.ETS.CONFINT(A51,$B$2:$B$46,$A$2:$A$46,0.95,1,1) -> 92.660228
A52: 40594 | C52: =_xlfn.FORECAST.ETS(A52,$B$2:$B$46,$A$2:$A$46,1,1) -> 62.548602 | D52: =C52-_xlfn.FORECAST.ETS.CONFINT(A52,$B$2:$B$46,$A$2:$A$46,0.95,1,1) -> 31.937837 | E52: =C52+_xlfn.FORECAST.ETS.CONFINT(A52,$B$2:$B$46,$A$2:$A$46,0.95,1,1) -> 93.159367
A53: 40595 | C53: =_xlfn.FORECAST.ETS(A53,$B$2:$B$46,$A$2:$A$46,1,1) -> 62.804296 | D53: =C53-_xlfn.FORECAST.ETS.CONFINT(A53,$B$2:$B$46,$A$2:$A$46,0.95,1,1) -> 31.948319 | E53: =C53+_xlfn.FORECAST.ETS.CONFINT(A53,$B$2:$B$46,$A$2:$A$46,0.95,1,1) -> 93.660273
A54: 40596 | C54: =_xlfn.FORECAST.ETS(A54,$B$2:$B$46,$A$2:$A$46,1,1) -> 63.05999 | D54: =C54-_xlfn.FORECAST.ETS.CONFINT(A54,$B$2:$B$46,$A$2:$A$46,0.95,1,1) -> 31.957049 | E54: =C54+_xlfn.FORECAST.ETS.CONFINT(A54,$B$2:$B$46,$A$2:$A$46,0.95,1,1) -> 94.16293
A55: 40597 | C55: =_xlfn.FORECAST.ETS(A55,$B$2:$B$46,$A$2:$A$46,1,1) -> 63.315683 | D55: =C55-_xlfn.FORECAST.ETS.CONFINT(A55,$B$2:$B$46,$A$2:$A$46,0.95,1,1) -> 31.964041 | E55: =C55+_xlfn.FORECAST.ETS.CONFINT(A55,$B$2:$B$46,$A$2:$A$46,0.95,1,1) -> 94.667326
A56: 40598 | C56: =_xlfn.FORECAST.ETS(A56,$B$2:$B$46,$A$2:$A$46,1,1) -> 63.571377 | D56: =C56-_xlfn.FORECAST.ETS.CONFINT(A56,$B$2:$B$46,$A$2:$A$46,0.95,1,1) -> 31.969308 | E56: =C56+_xlfn.FORECAST.ETS.CONFINT(A56,$B$2:$B$46,$A$2:$A$46,0.95,1,1) -> 95.173446
A57: 40599 | C57: =_xlfn.FORECAST.ETS(A57,$B$2:$B$46,$A$2:$A$46,1,1) -> 63.82707 | D57: =C57-_xlfn.FORECAST.ETS.CONFINT(A57,$B$2:$B$46,$A$2:$A$46,0.95,1,1) -> 31.972864 | E57: =C57+_xlfn.FORECAST.ETS.CONFINT(A57,$B$2:$B$46,$A$2:$A$46,0.95,1,1) -> 95.681276
A58: 40600 | C58: =_xlfn.FORECAST.ETS(A58,$B$2:$B$46,$A$2:$A$46,1,1) -> 64.082764 | D58: =C58-_xlfn.FORECAST.ETS.CONFINT(A58,$B$2:$B$46,$A$2:$A$46,0.95,1,1) -> 31.974723 | E58: =C58+_xlfn.FORECAST.ETS.CONFINT(A58,$B$2:$B$46,$A$2:$A$46,0.95,1,1) -> 96.190805

Sheet Sheet14
A1: Date | B1: Casual_Rentals | C1: Forecast(Casual_Rentals) | D1: Lower Confidence Bound(Casual_Rentals) | E1: Upper Confidence Bound(Casual_Rentals)
A2: 40544 | B2: 13.791667
A3: 40545 | B3: 5.6956522
A4: 40546 | B4: 5.4545455
A5: 40547 | B5: 4.6956522
A6: 40548 | B6: 3.5652174
A7: 40549 | B7: 3.826087
A8: 40550 | B8: 6.4347826
A9: 40551 | B9: 2.8333333
A10: 40552 | B10: 2.25
A11: 40553 | B11: 1.7083333
A12: 40554 | B12: 1.9545455
A13: 40555 | B13: 1.1363636
... A45: 40587 | B45: 17.26087
A46: 40588 | B46: 1 | C46: 1 | D46: 1 | E46: 1
A47: 40589 | C47: =_xlfn.FORECAST.ETS(A47,$B$2:$B$46,$A$2:$A$46,1,1) -> 4.8565291 | D47: =C47-_xlfn.FORECAST.ETS.CONFINT(A47,$B$2:$B$46,$A$2:$A$46,0.95,1,1) -> -1.964803 | E47: =C47+_xlfn.FORECAST.ETS.CONFINT(A47,$B$2:$B$46,$A$2:$A$46,0.95,1,1) -> 11.677861
A48: 40590 | C48: =_xlfn.FORECAST.ETS(A48,$B$2:$B$46,$A$2:$A$46,1,1) -> 4.9858123 | D48: =C48-_xlfn.FORECAST.ETS.CONFINT(A48,$B$2:$B$46,$A$2:$A$46,0.95,1,1) -> -2.6467798 | E48: =C48+_xlfn.FORECAST.ETS.CONFINT(A48,$B$2:$B$46,$A$2:$A$46,0.95,1,1) -> 12.618404
A49: 40591 | C49: =_xlfn.FORECAST.ETS(A49,$B$2:$B$46,$A$2:$A$46,1,1) -> 5.2999641 | D49: =C49-_xlfn.FORECAST.ETS.CONFINT(A49,$B$2:$B$46,$A$2:$A$46,0.95,1,1) -> -3.068376 | E49: =C49+_xlfn.FORECAST.ETS.CONFINT(A49,$B$2:$B$46,$A$2:$A$46,0.95,1,1) -> 13.668304
A50: 40592 | C50: =_xlfn.FORECAST.ETS(A50,$B$2:$B$46,$A$2:$A$46,1,1) -> 6.2511965 | D50: =C50-_xlfn.FORECAST.ETS.CONFINT(A50,$B$2:$B$46,$A$2:$A$46,0.95,1,1) -> -2.7958265 | E50: =C50+_xlfn.FORECAST.ETS.CONFINT(A50,$B$2:$B$46,$A$2:$A$46,0.95,1,1) -> 15.29822
A51: 40593 | C51: =_xlfn.FORECAST.ETS(A51,$B$2:$B$46,$A$2:$A$46,1,1) -> 7.6676803 | D51: =C51-_xlfn.FORECAST.ETS.CONFINT(A51,$B$2:$B$46,$A$2:$A$46,0.95,1,1) -> -2.0129749 | E51: =C51+_xlfn.FORECAST.ETS.CONFINT(A51,$B$2:$B$46,$A$2:$A$46,0.95,1,1) -> 17.348335
A52: 40594 | C52: =_xlfn.FORECAST.ETS(A52,$B$2:$B$46,$A$2:$A$46,1,1) -> 8.7400882 | D52: =C52-_xlfn.FORECAST.ETS.CONFINT(A52,$B$2:$B$46,$A$2:$A$46,0.95,1,1) -> -1.5374887 | E52: =C52+_xlfn.FORECAST.ETS.CONFINT(A52,$B$2:$B$46,$A$2:$A$46,0.95,1,1) -> 19.017665
A53: 40595 | C53: =_xlfn.FORECAST.ETS(A53,$B$2:$B$46,$A$2:$A$46,1,1) -> 6.303062 | D53: =C53-_xlfn.FORECAST.ETS.CONFINT(A53,$B$2:$B$46,$A$2:$A$46,0.95,1,1) -> -4.5407945 | E53: =C53+_xlfn.FORECAST.ETS.CONFINT(A53,$B$2:$B$46,$A$2:$A$46,0.95,1,1) -> 17.146918
A54: 40596 | C54: =_xlfn.FORECAST.ETS(A54,$B$2:$B$46,$A$2:$A$46,1,1) -> 4.9656242 | D54: =C54-_xlfn.FORECAST.ETS.CONFINT(A54,$B$2:$B$46,$A$2:$A$46,0.95,1,1) -> -6.4205257 | E54: =C54+_xlfn.FORECAST.ETS.CONFINT(A54,$B$2:$B$46,$A$2:$A$46,0.95,1,1) -> 16.351774
A55: 40597 | C55: =_xlfn.FORECAST.ETS(A55,$B$2:$B$46,$A$2:$A$46,1,1) -> 5.0949073 | D55: =C55-_xlfn.FORECAST.ETS.CONFINT(A55,$B$2:$B$46,$A$2:$A$46,0.95,1,1) -> -6.8088567 | E55: =C55+_xlfn.FORECAST.ETS.CONFINT(A55,$B$2:$B$46,$A$2:$A$46,0.95,1,1) -> 16.998671
A56: 40598 | C56: =_xlfn.FORECAST.ETS(A56,$B$2:$B$46,$A$2:$A$46,1,1) -> 5.4090591 | D56: =C56-_xlfn.FORECAST.ETS.CONFINT(A56,$B$2:$B$46,$A$2:$A$46,0.95,1,1) -> -6.9926424 | E56: =C56+_xlfn.FORECAST.ETS.CONFINT(A56,$B$2:$B$46,$A$2:$A$46,0.95,1,1) -> 17.810761
A57: 40599 | C57: =_xlfn.FORECAST.ETS(A57,$B$2:$B$46,$A$2:$A$46,1,1) -> 6.3602916 | D57: =C57-_xlfn.FORECAST.ETS.CONFINT(A57,$B$2:$B$46,$A$2:$A$46,0.95,1,1) -> -6.5219562 | E57: =C57+_xlfn.FORECAST.ETS.CONFINT(A57,$B$2:$B$46,$A$2:$A$46,0.95,1,1) -> 19.242539
A58: 40600 | C58: =_xlfn.FORECAST.ETS(A58,$B$2:$B$46,$A$2:$A$46,1,1) -> 7.7767753 | D58: =C58-_xlfn.FORECAST.ETS.CONFINT(A58,$B$2:$B$46,$A$2:$A$46,0.95,1,1) -> -5.5705098 | E58: =C58+_xlfn.FORECAST.ETS.CONFINT(A58,$B$2:$B$46,$A$2:$A$46,0.95,1,1) -> 21.12406
... A60: 40602 | C60: =_xlfn.FORECAST.ETS(A60,$B$2:$B$46,$A$2:$A$46,1,1) -> 6.412157 | D60: =C60-_xlfn.FORECAST.ETS.CONFINT(A60,$B$2:$B$46,$A$2:$A$46,0.95,1,1) -> -7.8247181 | E60: =C60+_xlfn.FORECAST.ETS.CONFINT(A60,$B$2:$B$46,$A$2:$A$46,0.95,1,1) -> 20.649032

Sheet Sheet15
A1: Date | B1: Registered_Rentals | C1: Forecast(Registered_Rentals) | D1: Lower Confidence Bound(Registered_Rentals) | E1: Upper Confidence Bound(Registered_Rentals)
A2: 40544 | B2: 27.25
A3: 40545 | B3: 29.130435
A4: 40546 | B4: 55.863636
A5: 40547 | B5: 63.217391
A6: 40548 | B6: 66
A7: 40549 | B7: 66
A8: 40550 | B8: 59.217391
A9: 40551 | B9: 37.125
A10: 40552 | B10: 32
A11: 40553 | B11: 53.333333
A12: 40554 | B12: 55.454545
A13: 40555 | B13: 51.681818
... A45: 40587 | B45: 51.826087
A46: 40588 | B46: 17.875 | C46: 17.875 | D46: 17.875 | E46: 17.875
A47: 40589 | C47: =_xlfn.FORECAST.ETS(A47,$B$2:$B$46,$A$2:$A$46,1,1) -> 62.26321 | D47: =C47-_xlfn.FORECAST.ETS.CONFINT(A47,$B$2:$B$46,$A$2:$A$46,0.95,1,1) -> 39.903506 | E47: =C47+_xlfn.FORECAST.ETS.CONFINT(A47,$B$2:$B$46,$A$2:$A$46,0.95,1,1) -> 84.622914
A48: 40590 | C48: =_xlfn.FORECAST.ETS(A48,$B$2:$B$46,$A$2:$A$46,1,1) -> 65.743017 | D48: =C48-_xlfn.FORECAST.ETS.CONFINT(A48,$B$2:$B$46,$A$2:$A$46,0.95,1,1) -> 43.203714 | E48: =C48+_xlfn.FORECAST.ETS.CONFINT(A48,$B$2:$B$46,$A$2:$A$46,0.95,1,1) -> 88.282319
A49: 40591 | C49: =_xlfn.FORECAST.ETS(A49,$B$2:$B$46,$A$2:$A$46,1,1) -> 70.334538 | D49: =C49-_xlfn.FORECAST.ETS.CONFINT(A49,$B$2:$B$46,$A$2:$A$46,0.95,1,1) -> 47.614251 | E49: =C49+_xlfn.FORECAST.ETS.CONFINT(A49,$B$2:$B$46,$A$2:$A$46,0.95,1,1) -> 93.054825
A50: 40592 | C50: =_xlfn.FORECAST.ETS(A50,$B$2:$B$46,$A$2:$A$46,1,1) -> 63.501284 | D50: =C50-_xlfn.FORECAST.ETS.CONFINT(A50,$B$2:$B$46,$A$2:$A$46,0.95,1,1) -> 40.598637 | E50: =C50+_xlfn.FORECAST.ETS.CONFINT(A50,$B$2:$B$46,$A$2:$A$46,0.95,1,1) -> 86.40393
A51: 40593 | C51: =_xlfn.FORECAST.ETS(A51,$B$2:$B$46,$A$2:$A$46,1,1) -> 43.905159 | D51: =C51-_xlfn.FORECAST.ETS.CONFINT(A51,$B$2:$B$46,$A$2:$A$46,0.95,1,1) -> 20.818788 | E51: =C51+_xlfn.FORECAST.ETS.CONFINT(A51,$B$2:$B$46,$A$2:$A$46,0.95,1,1) -> 66.991529
A52: 40594 | C52: =_xlfn.FORECAST.ETS(A52,$B$2:$B$46,$A$2:$A$46,1,1) -> 40.807978 | D52: =C52-_xlfn.FORECAST.ETS.CONFINT(A52,$B$2:$B$46,$A$2:$A$46,0.95,1,1) -> 17.536531 | E52: =C52+_xlfn.FORECAST.ETS.CONFINT(A52,$B$2:$B$46,$A$2:$A$46,0.95,1,1) -> 64.079425
A53: 40595 | C53: =_xlfn.FORECAST.ETS(A53,$B$2:$B$46,$A$2:$A$46,1,1) -> 54.228588 | D53: =C53-_xlfn.FORECAST.ETS.CONFINT(A53,$B$2:$B$46,$A$2:$A$46,0.95,1,1) -> 30.770722 | E53: =C53+_xlfn.FORECAST.ETS.CONFINT(A53,$B$2:$B$46,$A$2:$A$46,0.95,1,1) -> 77.686454
A54: 40596 | C54: =_xlfn.FORECAST.ETS(A54,$B$2:$B$46,$A$2:$A$46,1,1) -> 63.66822 | D54: =C54-_xlfn.FORECAST.ETS.CONFINT(A54,$B$2:$B$46,$A$2:$A$46,0.95,1,1) -> 40.01978 | E54: =C54+_xlfn.FORECAST.ETS.CONFINT(A54,$B$2:$B$46,$A$2:$A$46,0.95,1,1) -> 87.316659
A55: 40597 | C55: =_xlfn.FORECAST.ETS(A55,$B$2:$B$46,$A$2:$A$46,1,1) -> 67.148026 | D55: =C55-_xlfn.FORECAST.ETS.CONFINT(A55,$B$2:$B$46,$A$2:$A$46,0.95,1,1) -> 43.310536 | E55: =C55+_xlfn.FORECAST.ETS.CONFINT(A55,$B$2:$B$46,$A$2:$A$46,0.95,1,1) -> 90.985516
A56: 40598 | C56: =_xlfn.FORECAST.ETS(A56,$B$2:$B$46,$A$2:$A$46,1,1) -> 71.739547 | D56: =C56-_xlfn.FORECAST.ETS.CONFINT(A56,$B$2:$B$46,$A$2:$A$46,0.95,1,1) -> 47.711696 | E56: =C56+_xlfn.FORECAST.ETS.CONFINT(A56,$B$2:$B$46,$A$2:$A$46,0.95,1,1) -> 95.767398
A57: 40599 | C57: =_xlfn.FORECAST.ETS(A57,$B$2:$B$46,$A$2:$A$46,1,1) -> 64.906293 | D57: =C57-_xlfn.FORECAST.ETS.CONFINT(A57,$B$2:$B$46,$A$2:$A$46,0.95,1,1) -> 40.68678 | E57: =C57+_xlfn.FORECAST.ETS.CONFINT(A57,$B$2:$B$46,$A$2:$A$46,0.95,1,1) -> 89.125806
A58: 40600 | C58: =_xlfn.FORECAST.ETS(A58,$B$2:$B$46,$A$2:$A$46,1,1) -> 45.310168 | D58: =C58-_xlfn.FORECAST.ETS.CONFINT(A58,$B$2:$B$46,$A$2:$A$46,0.95,1,1) -> 20.897702 | E58: =C58+_xlfn.FORECAST.ETS.CONFINT(A58,$B$2:$B$46,$A$2:$A$46,0.95,1,1) -> 69.722634
... A60: 40602 | C60: =_xlfn.FORECAST.ETS(A60,$B$2:$B$46,$A$2:$A$46,1,1) -> 55.633597 | D60: =C60-_xlfn.FORECAST.ETS.CONFINT(A60,$B$2:$B$46,$A$2:$A$46,0.95,1,1) -> 30.831393 | E60: =C60+_xlfn.FORECAST.ETS.CONFINT(A60,$B$2:$B$46,$A$2:$A$46,0.95,1,1) -> 80.435801

Sheet Sheet16
A1: Date | B1: Wind_Speed | C1: Forecast(Wind_Speed) | D1: Lower Confidence Bound(Wind_Speed) | E1: Upper Confidence Bound(Wind_Speed)
A2: 40544 | B2: 0.16044583
A3: 40545 | B3: 0.24853913
A4: 40546 | B4: 0.24830909
A5: 40547 | B5: 0.16029565
A6: 40548 | B6: 0.1869
A7: 40549 | B7: 0.089565217
A8: 40550 | B8: 0.16872609
A9: 40551 | B9: 0.26680417
A10: 40552 | B10: 0.36195
A11: 40553 | B11: 0.22326667
A12: 40554 | B12: 0.12213182
A13: 40555 | B13: 0.30462727
... A45: 40587 | B45: 0.26088261
A46: 40588 | B46: 0.300375 | C46: 0.300375 | D46: 0.300375 | E46: 0.300375
A47: 40589 | C47: =_xlfn.FORECAST.ETS(A47,$B$2:$B$46,$A$2:$A$46,1,1) -> 0.19820041 | D47: =C47-_xlfn.FORECAST.ETS.CONFINT(A47,$B$2:$B$46,$A$2:$A$46,0.95,1,1) -> 0.035701401 | E47: =C47+_xlfn.FORECAST.ETS.CONFINT(A47,$B$2:$B$46,$A$2:$A$46,0.95,1,1) -> 0.36069942
A48: 40590 | C48: =_xlfn.FORECAST.ETS(A48,$B$2:$B$46,$A$2:$A$46,1,1) -> 0.19822275 | D48: =C48-_xlfn.FORECAST.ETS.CONFINT(A48,$B$2:$B$46,$A$2:$A$46,0.95,1,1) -> 0.034897019 | E48: =C48+_xlfn.FORECAST.ETS.CONFINT(A48,$B$2:$B$46,$A$2:$A$46,0.95,1,1) -> 0.36154849
A49: 40591 | C49: =_xlfn.FORECAST.ETS(A49,$B$2:$B$46,$A$2:$A$46,1,1) -> 0.19824509 | D49: =C49-_xlfn.FORECAST.ETS.CONFINT(A49,$B$2:$B$46,$A$2:$A$46,0.95,1,1) -> 0.034080473 | E49: =C49+_xlfn.FORECAST.ETS.CONFINT(A49,$B$2:$B$46,$A$2:$A$46,0.95,1,1) -> 0.36240972
A50: 40592 | C50: =_xlfn.FORECAST.ETS(A50,$B$2:$B$46,$A$2:$A$46,1,1) -> 0.19826744 | D50: =C50-_xlfn.FORECAST.ETS.CONFINT(A50,$B$2:$B$46,$A$2:$A$46,0.95,1,1) -> 0.033251789 | E50: =C50+_xlfn.FORECAST.ETS.CONFINT(A50,$B$2:$B$46,$A$2:$A$46,0.95,1,1) -> 0.36328308
A51: 40593 | C51: =_xlfn.FORECAST.ETS(A51,$B$2:$B$46,$A$2:$A$46,1,1) -> 0.19828978 | D51: =C51-_xlfn.FORECAST.ETS.CONFINT(A51,$B$2:$B$46,$A$2:$A$46,0.95,1,1) -> 0.032410995 | E51: =C51+_xlfn.FORECAST.ETS.CONFINT(A51,$B$2:$B$46,$A$2:$A$46,0.95,1,1) -> 0.36416856
A52: 40594 | C52: =_xlfn.FORECAST.ETS(A52,$B$2:$B$46,$A$2:$A$46,1,1) -> 0.19831212 | D52: =C52-_xlfn.FORECAST.ETS.CONFINT(A52,$B$2:$B$46,$A$2:$A$46,0.95,1,1) -> 0.03155812 | E52: =C52+_xlfn.FORECAST.ETS.CONFINT(A52,$B$2:$B$46,$A$2:$A$46,0.95,1,1) -> 0.36506611
A53: 40595 | C53: =_xlfn.FORECAST.ETS(A53,$B$2:$B$46,$A$2:$A$46,1,1) -> 0.19833446 | D53: =C53-_xlfn.FORECAST.ETS.CONFINT(A53,$B$2:$B$46,$A$2:$A$46,0.95,1,1) -> 0.030693197 | E53: =C53+_xlfn.FORECAST.ETS.CONFINT(A53,$B$2:$B$46,$A$2:$A$46,0.95,1,1) -> 0.36597572
A54: 40596 | C54: =_xlfn.FORECAST.ETS(A54,$B$2:$B$46,$A$2:$A$46,1,1) -> 0.1983568 | D54: =C54-_xlfn.FORECAST.ETS.CONFINT(A54,$B$2:$B$46,$A$2:$A$46,0.95,1,1) -> 0.029816258 | E54: =C54+_xlfn.FORECAST.ETS.CONFINT(A54,$B$2:$B$46,$A$2:$A$46,0.95,1,1) -> 0.36689734
A55: 40597 | C55: =_xlfn.FORECAST.ETS(A55,$B$2:$B$46,$A$2:$A$46,1,1) -> 0.19837914 | D55: =C55-_xlfn.FORECAST.ETS.CONFINT(A55,$B$2:$B$46,$A$2:$A$46,0.95,1,1) -> 0.028927339 | E55: =C55+_xlfn.FORECAST.ETS.CONFINT(A55,$B$2:$B$46,$A$2:$A$46,0.95,1,1) -> 0.36783094
A56: 40598 | C56: =_xlfn.FORECAST.ETS(A56,$B$2:$B$46,$A$2:$A$46,1,1) -> 0.19840148 | D56: =C56-_xlfn.FORECAST.ETS.CONFINT(A56,$B$2:$B$46,$A$2:$A$46,0.95,1,1) -> 0.028026478 | E56: =C56+_xlfn.FORECAST.ETS.CONFINT(A56,$B$2:$B$46,$A$2:$A$46,0.95,1,1) -> 0.36877648
A57: 40599 | C57: =_xlfn.FORECAST.ETS(A57,$B$2:$B$46,$A$2:$A$46,1,1) -> 0.19842382 | D57: =C57-_xlfn.FORECAST.ETS.CONFINT(A57,$B$2:$B$46,$A$2:$A$46,0.95,1,1) -> 0.027113712 | E57: =C57+_xlfn.FORECAST.ETS.CONFINT(A57,$B$2:$B$46,$A$2:$A$46,0.95,1,1) -> 0.36973393
A58: 40600 | C58: =_xlfn.FORECAST.ETS(A58,$B$2:$B$46,$A$2:$A$46,1,1) -> 0.19844616 | D58: =C58-_xlfn.FORECAST.ETS.CONFINT(A58,$B$2:$B$46,$A$2:$A$46,0.95,1,1) -> 0.026189084 | E58: =C58+_xlfn.FORECAST.ETS.CONFINT(A58,$B$2:$B$46,$A$2:$A$46,0.95,1,1) -> 0.37070324

Sheet Sheet17
A1: Date | B1: Humidity | C1: Forecast(Humidity) | D1: Lower Confidence Bound(Humidity) | E1: Upper Confidence Bound(Humidity)
A2: 40544 | B2: 0.80583333
A3: 40545 | B3: 0.69608696
A4: 40546 | B4: 0.43727273
A5: 40547 | B5: 0.59043478
A6: 40548 | B6: 0.43695652
A7: 40549 | B7: 0.51826087
A8: 40550 | B8: 0.49869565
A9: 40551 | B9: 0.53583333
A10: 40552 | B10: 0.43416667
A11: 40553 | B11: 0.48291667
A12: 40554 | B12: 0.68636364
A13: 40555 | B13: 0.59954545
... A45: 40587 | B45: 0.4573913
A46: 40588 | B46: 0.4475 | C46: 0.4475 | D46: 0.4475 | E46: 0.4475
A47: 40589 | C47: =_xlfn.FORECAST.ETS(A47,$B$2:$B$46,$A$2:$A$46,1,1) -> 0.58188016 | D47: =C47-_xlfn.FORECAST.ETS.CONFINT(A47,$B$2:$B$46,$A$2:$A$46,0.95,1,1) -> 0.32378365 | E47: =C47+_xlfn.FORECAST.ETS.CONFINT(A47,$B$2:$B$46,$A$2:$A$46,0.95,1,1) -> 0.83997667
A48: 40590 | C48: =_xlfn.FORECAST.ETS(A48,$B$2:$B$46,$A$2:$A$46,1,1) -> 0.53477901 | D48: =C48-_xlfn.FORECAST.ETS.CONFINT(A48,$B$2:$B$46,$A$2:$A$46,0.95,1,1) -> 0.26861356 | E48: =C48+_xlfn.FORECAST.ETS.CONFINT(A48,$B$2:$B$46,$A$2:$A$46,0.95,1,1) -> 0.80094447
A49: 40591 | C49: =_xlfn.FORECAST.ETS(A49,$B$2:$B$46,$A$2:$A$46,1,1) -> 0.50218141 | D49: =C49-_xlfn.FORECAST.ETS.CONFINT(A49,$B$2:$B$46,$A$2:$A$46,0.95,1,1) -> 0.22812315 | E49: =C49+_xlfn.FORECAST.ETS.CONFINT(A49,$B$2:$B$46,$A$2:$A$46,0.95,1,1) -> 0.77623968
A50: 40592 | C50: =_xlfn.FORECAST.ETS(A50,$B$2:$B$46,$A$2:$A$46,1,1) -> 0.41238128 | D50: =C50-_xlfn.FORECAST.ETS.CONFINT(A50,$B$2:$B$46,$A$2:$A$46,0.95,1,1) -> 0.1305913 | E50: =C50+_xlfn.FORECAST.ETS.CONFINT(A50,$B$2:$B$46,$A$2:$A$46,0.95,1,1) -> 0.69417125
A51: 40593 | C51: =_xlfn.FORECAST.ETS(A51,$B$2:$B$46,$A$2:$A$46,1,1) -> 0.39451571 | D51: =C51-_xlfn.FORECAST.ETS.CONFINT(A51,$B$2:$B$46,$A$2:$A$46,0.95,1,1) -> 0.10514199 | E51: =C51+_xlfn.FORECAST.ETS.CONFINT(A51,$B$2:$B$46,$A$2:$A$46,0.95,1,1) -> 0.68388944
A52: 40594 | C52: =_xlfn.FORECAST.ETS(A52,$B$2:$B$46,$A$2:$A$46,1,1) -> 0.42653953 | D52: =C52-_xlfn.FORECAST.ETS.CONFINT(A52,$B$2:$B$46,$A$2:$A$46,0.95,1,1) -> 0.12971845 | E52: =C52+_xlfn.FORECAST.ETS.CONFINT(A52,$B$2:$B$46,$A$2:$A$46,0.95,1,1) -> 0.72336062
A53: 40595 | C53: =_xlfn.FORECAST.ETS(A53,$B$2:$B$46,$A$2:$A$46,1,1) -> 0.45203949 | D53: =C53-_xlfn.FORECAST.ETS.CONFINT(A53,$B$2:$B$46,$A$2:$A$46,0.95,1,1) -> 0.1478972 | E53: =C53+_xlfn.FORECAST.ETS.CONFINT(A53,$B$2:$B$46,$A$2:$A$46,0.95,1,1) -> 0.75618178
A54: 40596 | C54: =_xlfn.FORECAST.ETS(A54,$B$2:$B$46,$A$2:$A$46,1,1) -> 0.56317257 | D54: =C54-_xlfn.FORECAST.ETS.CONFINT(A54,$B$2:$B$46,$A$2:$A$46,0.95,1,1) -> 0.25182612 | E54: =C54+_xlfn.FORECAST.ETS.CONFINT(A54,$B$2:$B$46,$A$2:$A$46,0.95,1,1) -> 0.87451902
A55: 40597 | C55: =_xlfn.FORECAST.ETS(A55,$B$2:$B$46,$A$2:$A$46,1,1) -> 0.57379474 | D55: =C55-_xlfn.FORECAST.ETS.CONFINT(A55,$B$2:$B$46,$A$2:$A$46,0.95,1,1) -> 0.25535301 | E55: =C55+_xlfn.FORECAST.ETS.CONFINT(A55,$B$2:$B$46,$A$2:$A$46,0.95,1,1) -> 0.89223646
A56: 40598 | C56: =_xlfn.FORECAST.ETS(A56,$B$2:$B$46,$A$2:$A$46,1,1) -> 0.57988737 | D56: =C56-_xlfn.FORECAST.ETS.CONFINT(A56,$B$2:$B$46,$A$2:$A$46,0.95,1,1) -> 0.25439861 | E56: =C56+_xlfn.FORECAST.ETS.CONFINT(A56,$B$2:$B$46,$A$2:$A$46,0.95,1,1) -> 0.90537613
A57: 40599 | C57: =_xlfn.FORECAST.ETS(A57,$B$2:$B$46,$A$2:$A$46,1,1) -> 0.53278622 | D57: =C57-_xlfn.FORECAST.ETS.CONFINT(A57,$B$2:$B$46,$A$2:$A$46,0.95,1,1) -> 0.2003998 | E57: =C57+_xlfn.FORECAST.ETS.CONFINT(A57,$B$2:$B$46,$A$2:$A$46,0.95,1,1) -> 0.86517264
A58: 40600 | C58: =_xlfn.FORECAST.ETS(A58,$B$2:$B$46,$A$2:$A$46,1,1) -> 0.50018862 | D58: =C58-_xlfn.FORECAST.ETS.CONFINT(A58,$B$2:$B$46,$A$2:$A$46,0.95,1,1) -> 0.16099344 | E58: =C58+_xlfn.FORECAST.ETS.CONFINT(A58,$B$2:$B$46,$A$2:$A$46,0.95,1,1) -> 0.8393838
... A64: 40606 | C64: =_xlfn.FORECAST.ETS(A64,$B$2:$B$46,$A$2:$A$46,1,1) -> 0.57180194 | D64: =C64-_xlfn.FORECAST.ETS.CONFINT(A64,$B$2:$B$46,$A$2:$A$46,0.95,1,1) -> 0.19334682 | E64: =C64+_xlfn.FORECAST.ETS.CONFINT(A64,$B$2:$B$46,$A$2:$A$46,0.95,1,1) -> 0.95025707

Sheet Sheet20
A1: Date | B1: Temperature | C1: Forecast(Temperature) | D1: Lower Confidence Bound(Temperature) | E1: Upper Confidence Bound(Temperature)
A2: 40544 | B2: 0.34416667
A3: 40545 | B3: 0.36347826
A4: 40546 | B4: 0.19636364
A5: 40547 | B5: 0.2
A6: 40548 | B6: 0.22695652
A7: 40549 | B7: 0.20434783
A8: 40550 | B8: 0.19652174
A9: 40551 | B9: 0.165
A10: 40552 | B10: 0.13833333
A11: 40553 | B11: 0.15083333
A12: 40554 | B12: 0.16909091
A13: 40555 | B13: 0.17272727
... A45: 40587 | B45: 0.31652174
A46: 40588 | B46: 0.3475 | C46: 0.3475 | D46: 0.3475 | E46: 0.3475
A47: 40589 | C47: =_xlfn.FORECAST.ETS(A47,$B$2:$B$46,$A$2:$A$46,1,1) -> 0.34429038 | D47: =C47-_xlfn.FORECAST.ETS.CONFINT(A47,$B$2:$B$46,$A$2:$A$46,0.95,1,1) -> 0.21584718 | E47: =C47+_xlfn.FORECAST.ETS.CONFINT(A47,$B$2:$B$46,$A$2:$A$46,0.95,1,1) -> 0.47273359
A48: 40590 | C48: =_xlfn.FORECAST.ETS(A48,$B$2:$B$46,$A$2:$A$46,1,1) -> 0.29030044 | D48: =C48-_xlfn.FORECAST.ETS.CONFINT(A48,$B$2:$B$46,$A$2:$A$46,0.95,1,1) -> 0.10874512 | E48: =C48+_xlfn.FORECAST.ETS.CONFINT(A48,$B$2:$B$46,$A$2:$A$46,0.95,1,1) -> 0.47185575
A49: 40591 | C49: =_xlfn.FORECAST.ETS(A49,$B$2:$B$46,$A$2:$A$46,1,1) -> 0.33275898 | D49: =C49-_xlfn.FORECAST.ETS.CONFINT(A49,$B$2:$B$46,$A$2:$A$46,0.95,1,1) -> 0.11036296 | E49: =C49+_xlfn.FORECAST.ETS.CONFINT(A49,$B$2:$B$46,$A$2:$A$46,0.95,1,1) -> 0.555155
A50: 40592 | C50: =_xlfn.FORECAST.ETS(A50,$B$2:$B$46,$A$2:$A$46,1,1) -> 0.4088408 | D50: =C50-_xlfn.FORECAST.ETS.CONFINT(A50,$B$2:$B$46,$A$2:$A$46,0.95,1,1) -> 0.15195433 | E50: =C50+_xlfn.FORECAST.ETS.CONFINT(A50,$B$2:$B$46,$A$2:$A$46,0.95,1,1) -> 0.66572727
A51: 40593 | C51: =_xlfn.FORECAST.ETS(A51,$B$2:$B$46,$A$2:$A$46,1,1) -> 0.3779125 | D51: =C51-_xlfn.FORECAST.ETS.CONFINT(A51,$B$2:$B$46,$A$2:$A$46,0.95,1,1) -> 0.090589739 | E51: =C51+_xlfn.FORECAST.ETS.CONFINT(A51,$B$2:$B$46,$A$2:$A$46,0.95,1,1) -> 0.66523526
A52: 40594 | C52: =_xlfn.FORECAST.ETS(A52,$B$2:$B$46,$A$2:$A$46,1,1) -> 0.28974703 | D52: =C52-_xlfn.FORECAST.ETS.CONFINT(A52,$B$2:$B$46,$A$2:$A$46,0.95,1,1) -> -0.025135742 | E52: =C52+_xlfn.FORECAST.ETS.CONFINT(A52,$B$2:$B$46,$A$2:$A$46,0.95,1,1) -> 0.6046298
A53: 40595 | C53: =_xlfn.FORECAST.ETS(A53,$B$2:$B$46,$A$2:$A$46,1,1) -> 0.24245156 | D53: =C53-_xlfn.FORECAST.ETS.CONFINT(A53,$B$2:$B$46,$A$2:$A$46,0.95,1,1) -> -0.097814597 | E53: =C53+_xlfn.FORECAST.ETS.CONFINT(A53,$B$2:$B$46,$A$2:$A$46,0.95,1,1) -> 0.58271772
A54: 40596 | C54: =_xlfn.FORECAST.ETS(A54,$B$2:$B$46,$A$2:$A$46,1,1) -> 0.24675747 | D54: =C54-_xlfn.FORECAST.ETS.CONFINT(A54,$B$2:$B$46,$A$2:$A$46,0.95,1,1) -> -0.11717124 | E54: =C54+_xlfn.FORECAST.ETS.CONFINT(A54,$B$2:$B$46,$A$2:$A$46,0.95,1,1) -> 0.61068617
A55: 40597 | C55: =_xlfn.FORECAST.ETS(A55,$B$2:$B$46,$A$2:$A$46,1,1) -> 0.23419194 | D55: =C55-_xlfn.FORECAST.ETS.CONFINT(A55,$B$2:$B$46,$A$2:$A$46,0.95,1,1) -> -0.15199497 | E55: =C55+_xlfn.FORECAST.ETS.CONFINT(A55,$B$2:$B$46,$A$2:$A$46,0.95,1,1) -> 0.62037885
A56: 40598 | C56: =_xlfn.FORECAST.ETS(A56,$B$2:$B$46,$A$2:$A$46,1,1) -> 0.30327177 | D56: =C56-_xlfn.FORECAST.ETS.CONFINT(A56,$B$2:$B$46,$A$2:$A$46,0.95,1,1) -> -0.10399934 | E56: =C56+_xlfn.FORECAST.ETS.CONFINT(A56,$B$2:$B$46,$A$2:$A$46,0.95,1,1) -> 0.71054289
A57: 40599 | C57: =_xlfn.FORECAST.ETS(A57,$B$2:$B$46,$A$2:$A$46,1,1) -> 0.31195174 | D57: =C57-_xlfn.FORECAST.ETS.CONFINT(A57,$B$2:$B$46,$A$2:$A$46,0.95,1,1) -> -0.11540342 | E57: =C57+_xlfn.FORECAST.ETS.CONFINT(A57,$B$2:$B$46,$A$2:$A$46,0.95,1,1) -> 0.7393069
A58: 40600 | C58: =_xlfn.FORECAST.ETS(A58,$B$2:$B$46,$A$2:$A$46,1,1) -> 0.30403239 | D58: =C58-_xlfn.FORECAST.ETS.CONFINT(A58,$B$2:$B$46,$A$2:$A$46,0.95,1,1) -> -0.14254166 | E58: =C58+_xlfn.FORECAST.ETS.CONFINT(A58,$B$2:$B$46,$A$2:$A$46,0.95,1,1) -> 0.75060644
... A76: 40618 | C76: =_xlfn.FORECAST.ETS(A76,$B$2:$B$46,$A$2:$A$46,1,1) -> 0.38164493 | D76: =C76-_xlfn.FORECAST.ETS.CONFINT(A76,$B$2:$B$46,$A$2:$A$46,0.95,1,1) -> -0.33075713 | E76: =C76+_xlfn.FORECAST.ETS.CONFINT(A76,$B$2:$B$46,$A$2:$A$46,0.95,1,1) -> 1.094047

Sheet Forecast Sheet
B3: Bike Rental Demand Forecast Sheet
A6: Total_Rentals | B6: Casual_Rentals | C6: Registered_Rentals | D6: Temperature | E6: Humidity | F6: Wind_Speed
A7: 41.041667 | B7: 13.791667 | C7: 27.25 | D7: 0.34416667 | E7: 0.80583333 | F7: 0.16044583
A8: 34.826087 | B8: 5.6956522 | C8: 29.130435 | D8: 0.36347826 | E8: 0.69608696 | F8: 0.24853913
A9: 61.318182 | B9: 5.4545455 | C9: 55.863636 | D9: 0.19636364 | E9: 0.43727273 | F9: 0.24830909
A10: 67.913043 | B10: 4.6956522 | C10: 63.217391 | D10: 0.2 | E10: 0.59043478 | F10: 0.16029565
A11: 69.565217 | B11: 3.5652174 | C11: 66 | D11: 0.22695652 | E11: 0.43695652 | F11: 0.1869
A12: 69.826087 | B12: 3.826087 | C12: 66 | D12: 0.20434783 | E12: 0.51826087 | F12: 0.089565217
A13: 65.652174 | B13: 6.4347826 | C13: 59.217391 | D13: 0.19652174 | E13: 0.49869565 | F13: 0.16872609
A14: 39.958333 | B14: 2.8333333 | C14: 37.125 | D14: 0.165 | E14: 0.53583333 | F14: 0.26680417
A15: 34.25 | B15: 2.25 | C15: 32 | D15: 0.13833333 | E15: 0.43416667 | F15: 0.36195
A16: 55.041667 | B16: 1.7083333 | C16: 53.333333 | D16: 0.15083333 | E16: 0.48291667 | F16: 0.22326667
A17: 57.409091 | B17: 1.9545455 | C17: 55.454545 | D17: 0.16909091 | E17: 0.68636364 | F17: 0.12213182
A18: 52.818182 | B18: 1.1363636 | C18: 51.681818 | D18: 0.17272727 | E18: 0.59954545 | F18: 0.30462727
... A51: 18.875 | B51: 1 | C51: 17.875 | D51: 0.3475 | E51: 0.4475 | F51: 0.300375

Sheet Final Forecast Chart
D2: Bike Rental Demand Forecast chart

Sheet rough work
A1: Record_Id | B1: Date | C1: Season_Code | D1: Year | E1: Month | F1: Hour | G1: Holiday | H1: Day_Code | I1: Day_Type | J1: Weather_Code | K1: Weather_Type | L1: Temperature | M1: Assumed_Temperature | N1: Humidity | O1: Wind_Speed | P1: Casual_Rentals | Q1: Registered_Rentals | R1: Total_Rentals | S1: Weather_Description
A2: 1 | B2: 40544 | C2: 1 | D2: 0 | E2: 1 | F2: 0 | G2: FALSE | H2: 6 | I2: Saturday | J2: 1 | K2: Clear | L2: 0.24 | M2: 0.2879 | N2: 0.81 | O2: 0 | P2: 3 | Q2: 13 | R2: =SUM(Append18[[#This Row],[Casual_Rentals]],Append18[[#This Row],[Registered_Rentals]]) -> 16 | T2: Day_code | U2: day | V2: =IF(M2="",M1,M2) -> 0.2879 | W2: =IF(C2=1,"winter",("invalid")) -> winter
A3: 2 | B3: 40544 | C3: 1 | D3: 0 | E3: 1 | F3: 1 | G3: FALSE | H3: 6 | I3: Saturday | J3: 1 | K3: Clear | L3: 0.22 | M3: 0.2727 | N3: 0.8 | O3: 0 | P3: 8 | Q3: 32 | R3: =SUM(Append18[[#This Row],[Casual_Rentals]],Append18[[#This Row],[Registered_Rentals]]) -> 40 | T3: 0 | U3: Sunday | V3: =IF(M3="",M2,M3) -> 0.2727 | W3: =IF(C3=1,"winter",("invalid")) -> winter
A4: 3 | B4: 40544 | C4: 1 | D4: 0 | E4: 1 | F4: 2 | G4: FALSE | H4: 6 | I4: Saturday | J4: 1 | K4: Clear | L4: 0.22 | M4: 0.2727 | N4: 0.8 | O4: 0 | P4: 5 | Q4: 27 | R4: =SUM(Append18[[#This Row],[Casual_Rentals]],Append18[[#This Row],[Registered_Rentals]]) -> 32 | T4: 1 | U4: Monday | V4: =IF(M4="",M3,M4) -> 0.2727 | W4: =IF(C4=1,"winter",("invalid")) -> winter
A5: 4 | B5: 40544 | C5: 1 | D5: 0 | E5: 1 | F5: 3 | G5: FALSE | H5: 6 | I5: Saturday | J5: 1 | K5: Clear | L5: 0.24 | M5: 0.2879 | N5: 0.75 | O5: 0 | P5: 3 | Q5: 10 | R5: =SUM(Append18[[#This Row],[Casual_Rentals]],Append18[[#This Row],[Registered_Rentals]]) -> 13 | T5: 2 | U5: Tuesday | V5: =IF(M5="",M4,M5) -> 0.2879 | W5: =IF(C5=1,"winter",("invalid")) -> winter
A6: 5 | B6: 40544 | C6: 1 | D6: 0 | E6: 1 | F6: 4 | G6: FALSE | H6: 6 | I6: Saturday | J6: 1 | K6: Clear | L6: 0.24 | M6: 0.2879 | N6: 0.75 | O6: 0 | P6: 0 | Q6: 1 | R6: =SUM(Append18[[#This Row],[Casual_Rentals]],Append18[[#This Row],[Registered_Rentals]]) -> 1 | T6: 3 | U6: Wednesday | V6: =IF(M6="",M5,M6) -> 0.2879 | W6: =IF(C6=1,"winter",("invalid")) -> winter
A7: 6 | B7: 40544 | C7: 1 | D7: 0 | E7: 1 | F7: 5 | G7: FALSE | H7: 6 | I7: Saturday | J7: 2 | K7: Cloudy | L7: 0.24 | M7: 0.2576 | N7: 0.75 | O7: 0.0896 | P7: 0 | Q7: 1 | R7: =SUM(Append18[[#This Row],[Casual_Rentals]],Append18[[#This Row],[Registered_Rentals]]) -> 1 | T7: 4 | U7: Thursday | V7: =IF(M7="",M6,M7) -> 0.2576 | W7: =IF(C7=1,"winter",("invalid")) -> winter
A8: 7 | B8: 40544 | C8: 1 | D8: 0 | E8: 1 | F8: 6 | G8: FALSE | H8: 6 | I8: Saturday | J8: 1 | K8: Clear | L8: 0.22 | M8: 0.2727 | N8: 0.8 | O8: 0 | P8: 2 | Q8: 0 | R8: =SUM(Append18[[#This Row],[Casual_Rentals]],Append18[[#This Row],[Registered_Rentals]]) -> 2 | T8: 5 | U8: Friday | V8: =IF(M8="",M7,M8) -> 0.2727 | W8: =IF(C8=1,"winter",("invalid")) -> winter
A9: 8 | B9: 40544 | C9: 1 | D9: 0 | E9: 1 | F9: 7 | G9: FALSE | H9: 6 | I9: Saturday | J9: 1 | K9: Clear | L9: 0.2 | M9: 0.2576 | N9: 0.86 | O9: 0 | P9: 1 | Q9: 2 | R9: =SUM(Append18[[#This Row],[Casual_Rentals]],Append18[[#This Row],[Registered_Rentals]]) -> 3 | T9: 6 | U9: Saturday | V9: =IF(M9="",M8,M9) -> 0.2576 | W9: =IF(C9=1,"winter",("invalid")) -> winter
A10: 9 | B10: 40544 | C10: 1 | D10: 0 | E10: 1 | F10: 8 | G10: FALSE | H10: 6 | I10: Saturday | J10: 1 | K10: Clear | L10: 0.24 | M10: 0.2576 | N10: 0.75 | O10: 0 | P10: 1 | Q10: 7 | R10: =SUM(Append18[[#This Row],[Casual_Rentals]],Append18[[#This Row],[Registered_Rentals]]) -> 8 | V10: =IF(M10="",M9,M10) -> 0.2576 | W10: =IF(C10=1,"winter",("invalid")) -> winter
A11: 10 | B11: 40544 | C11: 1 | D11: 0 | E11: 1 | F11: 9 | G11: FALSE | H11: 6 | I11: Saturday | J11: 1 | K11: Clear | L11: 0.32 | M11: 0.3485 | N11: 0.76 | O11: 0 | P11: 8 | Q11: 6 | R11: =SUM(Append18[[#This Row],[Casual_Rentals]],Append18[[#This Row],[Registered_Rentals]]) -> 14 | T11: =IF(H2=0,"SUNDAY",IF(H2=1,"Monday",IF(H2=2,"Tuesday",IF(H2=3,"Wednesday",IF(H2=4,"Thursday",IF(H2=5,"Friday",IF(H2=6,"Saturday",("Invalid")))))))) -> Saturday | U11: =IF(E2=1,"January",IF(E2=2,"February",("invalid"))) -> January | V11: =IF(M11="",M10,M11) -> 0.3485 | W11: =IF(C11=1,"winter",("invalid")) -> winter
A12: 11 | B12: 40544 | C12: 1 | D12: 0 | E12: 1 | F12: 10 | G12: FALSE | H12: 6 | I12: Saturday | J12: 1 | K12: Clear | L12: 0.38 | M12: 0.3939 | N12: 0.76 | O12: 0.2537 | P12: 12 | Q12: 24 | R12: =SUM(Append18[[#This Row],[Casual_Rentals]],Append18[[#This Row],[Registered_Rentals]]) -> 36 | U12: =IF(E3=1,"January",IF(E3=2,"February",("invalid"))) -> January | V12: =IF(M12="",M11,M12) -> 0.3939 | W12: =IF(C12=1,"winter",("invalid")) -> winter
A13: 12 | B13: 40544 | C13: 1 | D13: 0 | E13: 1 | F13: 11 | G13: FALSE | H13: 6 | I13: Saturday | J13: 1 | K13: Clear | L13: 0.36 | M13: 0.3333 | N13: 0.81 | O13: 0.2836 | P13: 26 | Q13: 30 | R13: =SUM(Append18[[#This Row],[Casual_Rentals]],Append18[[#This Row],[Registered_Rentals]]) -> 56 | T13: =SUM(P2:P1001) -> 4921 | U13: =IF(E4=1,"January",IF(E4=2,"February",("invalid"))) -> January | V13: =IF(M13="",M12,M13) -> 0.3333 | W13: =IF(C13=1,"winter",("invalid")) -> winter
A14: 13 | B14: 40544 | C14: 1 | D14: 0 | E14: 1 | F14: 12 | G14: FALSE | H14: 6 | I14: Saturday | J14: 1 | K14: Clear | L14: 0.42 | M14: 0.4242 | N14: 0.77 | O14: 0.2836 | P14: 29 | Q14: 55 | R14: =SUM(Append18[[#This Row],[Casual_Rentals]],Append18[[#This Row],[Registered_Rentals]]) -> 84 | U14: =IF(E5=1,"January",IF(E5=2,"February",("invalid"))) -> January | V14: =IF(M14="",M13,M14) -> 0.4242 | W14: =IF(C14=1,"winter",("invalid")) -> winter
A15: 14 | B15: 40544 | C15: 1 | D15: 0 | E15: 1 | F15: 13 | G15: FALSE | H15: 6 | I15: Saturday | J15: 2 | K15: Cloudy | L15: 0.46 | M15: 0.4545 | N15: 0.72 | O15: 0.2985 | P15: 47 | Q15: 47 | R15: =SUM(Append18[[#This Row],[Casual_Rentals]],Append18[[#This Row],[Registered_Rentals]]) -> 94 | U15: =IF(E6=1,"January",IF(E6=2,"February",("invalid"))) -> January | V15: =IF(M15="",M14,M15) -> 0.4545 | W15: =IF(C15=1,"winter",("invalid")) -> winter
A16: 15 | B16: 40544 | C16: 1 | D16: 0 | E16: 1 | F16: 14 | G16: FALSE | H16: 6 | I16: Saturday | J16: 2 | K16: Cloudy | L16: 0.46 | M16: 0.4545 | N16: 0.72 | O16: 0.2836 | P16: 35 | Q16: 71 | R16: =SUM(Append18[[#This Row],[Casual_Rentals]],Append18[[#This Row],[Registered_Rentals]]) -> 106 | T16: =IF(K2=1,"Clear",IF(K2=2,"Cloudy",IF(K2=3,"Light Rain",IF(K2=4,"Heavy Rain",("invalid"))))) -> invalid | U16: =IF(E7=1,"January",IF(E7=2,"February",("invalid"))) -> January | V16: =IF(M16="",M15,M16) -> 0.4545 | W16: =IF(C16=1,"winter",("invalid")) -> winter
A17: 16 | B17: 40544 | C17: 1 | D17: 0 | E17: 1 | F17: 15 | G17: FALSE | H17: 6 | I17: Saturday | J17: 2 | K17: Cloudy | L17: 0.44 | M17: 0.4394 | N17: 0.77 | O17: 0.2985 | P17: 40 | Q17: 70 | R17: =SUM(Append18[[#This Row],[Casual_Rentals]],Append18[[#This Row],[Registered_Rentals]]) -> 110 | T17: =IF(K3=1,"Clear",IF(K3=2,"Cloudy",IF(K3=3,"Light Rain",IF(K3=4,"Heavy Rain",("invalid"))))) -> invalid | U17: =IF(E8=1,"January",IF(E8=2,"February",("invalid"))) -> January | V17: =IF(M17="",M16,M17) -> 0.4394 | W17: =IF(C17=1,"winter",("invalid")) -> winter
A18: 17 | B18: 40544 | C18: 1 | D18: 0 | E18: 1 | F18: 16 | G18: FALSE | H18: 6 | I18: Saturday | J18: 2 | K18: Cloudy | L18: 0.42 | M18: 0.4242 | N18: 0.82 | O18: 0.2985 | P18: 41 | Q18: 52 | R18: =SUM(Append18[[#This Row],[Casual_Rentals]],Append18[[#This Row],[Registered_Rentals]]) -> 93 | T18: =IF(K4=1,"Clear",IF(K4=2,"Cloudy",IF(K4=3,"Light Rain",IF(K4=4,"Heavy Rain",("invalid"))))) -> invalid | U18: =IF(E9=1,"January",IF(E9=2,"February",("invalid"))) -> January | V18: =IF(M18="",M17,M18) -> 0.4242 | W18: =IF(C18=1,"winter",("invalid")) -> winter
A19: 18 | B19: 40544 | C19: 1 | D19: 0 | E19: 1 | F19: 17 | G19: FALSE | H19: 6 | I19: Saturday | J19: 2 | K19: Cloudy | L19: 0.44 | M19: 0.999 | N19: 0.82 | O19: 0.2836 | P19: 15 | Q19: 52 | R19: =SUM(Append18[[#This Row],[Casual_Rentals]],Append18[[#This Row],[Registered_Rentals]]) -> 67 | T19: =IF(K5=1,"Clear",IF(K5=2,"Cloudy",IF(K5=3,"Light Rain",IF(K5=4,"Heavy Rain",("invalid"))))) -> invalid | U19: =IF(E10=1,"January",IF(E10=2,"February",("invalid"))) -> January | V19: =IF(M19="",M18,M19) -> 0.999 | W19: =IF(C19=1,"winter",("invalid")) -> winter
A20: 19 | B20: 40544 | C20: 1 | D20: 0 | E20: 1 | F20: 18 | G20: FALSE | H20: 6 | I20: Saturday | J20: 3 | K20: Light Rain | L20: 0.42 | M20: 0.4242 | N20: 0.88 | O20: 0.2537 | P20: 9 | Q20: 26 | R20: =SUM(Append18[[#This Row],[Casual_Rentals]],Append18[[#This Row],[Registered_Rentals]]) -> 35 | T20: =IF(K6=1,"Clear",IF(K6=2,"Cloudy",IF(K6=3,"Light Rain",IF(K6=4,"Heavy Rain",("invalid"))))) -> invalid | U20: =IF(E11=1,"January",IF(E11=2,"February",("invalid"))) -> January | V20: =IF(M20="",M19,M20) -> 0.4242 | W20: =IF(C20=1,"winter",("invalid")) -> winter
A21: 20 | B21: 40544 | C21: 1 | D21: 0 | E21: 1 | F21: 19 | G21: FALSE | H21: 6 | I21: Saturday | J21: 3 | K21: Light Rain | L21: 0.42 | M21: 0.4242 | N21: 0.88 | O21: 0.2537 | P21: 6 | Q21: 31 | R21: =SUM(Append18[[#This Row],[Casual_Rentals]],Append18[[#This Row],[Registered_Rentals]]) -> 37 | T21: =IF(K7=1,"Clear",IF(K7=2,"Cloudy",IF(K7=3,"Light Rain",IF(K7=4,"Heavy Rain",("invalid"))))) -> invalid | U21: =IF(E12=1,"January",IF(E12=2,"February",("invalid"))) -> January | V21: =IF(M21="",M20,M21) -> 0.4242 | W21: =IF(C21=1,"winter",("invalid")) -> winter
A22: 21 | B22: 40544 | C22: 1 | D22: 0 | E22: 1 | F22: 20 | G22: FALSE | H22: 6 | I22: Saturday | J22: 2 | K22: Cloudy | L22: 0.4 | M22: 0.4091 | N22: 0.87 | O22: 0.2537 | P22: 11 | Q22: 25 | R22: =SUM(Append18[[#This Row],[Casual_Rentals]],Append18[[#This Row],[Registered_Rentals]]) -> 36 | T22: =IF(K8=1,"Clear",IF(K8=2,"Cloudy",IF(K8=3,"Light Rain",IF(K8=4,"Heavy Rain",("invalid"))))) -> invalid | U22: =IF(E13=1,"January",IF(E13=2,"February",("invalid"))) -> January | V22: =IF(M22="",M21,M22) -> 0.4091 | W22: =IF(C22=1,"winter",("invalid")) -> winter
A23: 22 | B23: 40544 | C23: 1 | D23: 0 | E23: 1 | F23: 21 | G23: FALSE | H23: 6 | I23: Saturday | J23: 2 | K23: Cloudy | L23: 0.4 | M23: 0.4091 | N23: 0.87 | O23: 0.194 | P23: 3 | Q23: 31 | R23: =SUM(Append18[[#This Row],[Casual_Rentals]],Append18[[#This Row],[Registered_Rentals]]) -> 34 | T23: =IF(K9=1,"Clear",IF(K9=2,"Cloudy",IF(K9=3,"Light Rain",IF(K9=4,"Heavy Rain",("invalid"))))) -> invalid | U23: =IF(E14=1,"January",IF(E14=2,"February",("invalid"))) -> January | V23: =IF(M23="",M22,M23) -> 0.4091 | W23: =IF(C23=1,"winter",("invalid")) -> winter
A24: 23 | B24: 40544 | C24: 1 | D24: 0 | E24: 1 | F24: 22 | G24: FALSE | H24: 6 | I24: Saturday | J24: 2 | K24: Cloudy | L24: 0.4 | M24: 0.4091 | N24: 0.94 | O24: 0.2239 | P24: 11 | Q24: 17 | R24: =SUM(Append18[[#This Row],[Casual_Rentals]],Append18[[#This Row],[Registered_Rentals]]) -> 28 | T24: =IF(K10=1,"Clear",IF(K10=2,"Cloudy",IF(K10=3,"Light Rain",IF(K10=4,"Heavy Rain",("invalid"))))) -> invalid | U24: =IF(E15=1,"January",IF(E15=2,"February",("invalid"))) -> January | V24: =IF(M24="",M23,M24) -> 0.4091 | W24: =IF(C24=1,"winter",("invalid")) -> winter
A25: 24 | B25: 40544 | C25: 1 | D25: 0 | E25: 1 | F25: 23 | G25: FALSE | H25: 6 | I25: Saturday | J25: 2 | K25: Cloudy | L25: 0.46 | M25: 0.4091 | N25: 0.88 | O25: 0.2985 | P25: 15 | Q25: 24 | R25: =SUM(Append18[[#This Row],[Casual_Rentals]],Append18[[#This Row],[Registered_Rentals]]) -> 39 | T25: =IF(K11=1,"Clear",IF(K11=2,"Cloudy",IF(K11=3,"Light Rain",IF(K11=4,"Heavy Rain",("invalid"))))) -> invalid | U25: =IF(E16=1,"January",IF(E16=2,"February",("invalid"))) -> January | V25: =IF(M25="",M24,M25) -> 0.4091 | W25: =IF(C25=1,"winter",("invalid")) -> winter
A26: 25 | B26: 40545 | C26: 1 | D26: 0 | E26: 1 | F26: 0 | G26: FALSE | H26: 0 | I26: SUNDAY | J26: 2 | K26: Cloudy | L26: 0.46 | M26: 0.4545 | N26: 0.88 | O26: 0.2985 | P26: 4 | Q26: 13 | R26: =SUM(Append18[[#This Row],[Casual_Rentals]],Append18[[#This Row],[Registered_Rentals]]) -> 17 | T26: =IF(K12=1,"Clear",IF(K12=2,"Cloudy",IF(K12=3,"Light Rain",IF(K12=4,"Heavy Rain",("invalid"))))) -> invalid | U26: =IF(E17=1,"January",IF(E17=2,"February",("invalid"))) -> January | V26: =IF(M26="",M25,M26) -> 0.4545 | W26: =IF(C26=1,"winter",("invalid")) -> winter
A27: 26 | B27: 40545 | C27: 1 | D27: 0 | E27: 1 | F27: 1 | G27: FALSE | H27: 0 | I27: SUNDAY | J27: 2 | K27: Cloudy | L27: 0.44 | M27: 0.4394 | N27: 0.94 | O27: 0.2537 | P27: 1 | Q27: 16 | R27: =SUM(Append18[[#This Row],[Casual_Rentals]],Append18[[#This Row],[Registered_Rentals]]) -> 17 | T27: =IF(K13=1,"Clear",IF(K13=2,"Cloudy",IF(K13=3,"Light Rain",IF(K13=4,"Heavy Rain",("invalid"))))) -> invalid | U27: =IF(E18=1,"January",IF(E18=2,"February",("invalid"))) -> January | V27: =IF(M27="",M26,M27) -> 0.4394 | W27: =IF(C27=1,"winter",("invalid")) -> winter
... A611: 610 | B611: 40571 | C611: 1 | D611: 0 | E611: 1 | F611: 15 | G611: FALSE | H611: 5 | I611: Friday | J611: 2 | K611: Cloudy | L611: 0.2 | M611: 0.2576 | N611: 0.86 | O611: 0 | P611: 1 | Q611: 40 | R611: =SUM(Append18[[#This Row],[Casual_Rentals]],Append18[[#This Row],[Registered_Rentals]]) -> 41 | T611: =IF(K597=1,"Clear",IF(K597=2,"Cloudy",IF(K597=3,"Light Rain",IF(K597=4,"Heavy Rain",("invalid"))))) -> invalid | U611: =IF(E602=1,"January",IF(E602=2,"February",("invalid"))) -> January | V611: =IF(M611="",M610,M611) -> 0.2576 | W611: =IF(C611=1,"winter",("invalid")) -> winter
A612: 611 | B612: 40571 | C612: 1 | D612: 0 | E612: 1 | F612: 16 | G612: FALSE | H612: 5 | I612: Friday | J612: 1 | K612: Clear | L612: 0.22 | M612: 0.2727 | N612: 0.8 | O612: 0 | P612: 10 | Q612: 70 | R612: 80 | T612: =IF(K598=1,"Clear",IF(K598=2,"Cloudy",IF(K598=3,"Light Rain",IF(K598=4,"Heavy Rain",("invalid"))))) -> invalid | U612: =IF(E603=1,"January",IF(E603=2,"February",("invalid"))) -> January | V612: =IF(M612="",M611,M612) -> 0.2727 | W612: =IF(C612=1,"winter",("invalid")) -> winter
A613: 612 | B613: 40571 | C613: 1 | D613: 0 | E613: 1 | F613: 17 | G613: FALSE | H613: 5 | I613: Friday | J613: 1 | K613: Clear | L613: 0.24 | M613: 0.2424 | N613: 0.75 | O613: 0.1343 | P613: 2 | Q613: 147 | R613: 149 | T613: =IF(K599=1,"Clear",IF(K599=2,"Cloudy",IF(K599=3,"Light Rain",IF(K599=4,"Heavy Rain",("invalid"))))) -> invalid | U613: =IF(E604=1,"January",IF(E604=2,"February",("invalid"))) -> January | V613: =IF(M613="",M612,M613) -> 0.2424 | W613: =IF(C613=1,"winter",("invalid")) -> winter
A614: 613 | B614: 40571 | C614: 1 | D614: 0 | E614: 1 | F614: 18 | G614: FALSE | H614: 5 | I614: Friday | J614: 1 | K614: Clear | L614: 0.24 | M614: 0.2273 | N614: 0.75 | O614: 0.194 | P614: 2 | Q614: 107 | R614: 109 | T614: =IF(K600=1,"Clear",IF(K600=2,"Cloudy",IF(K600=3,"Light Rain",IF(K600=4,"Heavy Rain",("invalid"))))) -> invalid | U614: =IF(E605=1,"January",IF(E605=2,"February",("invalid"))) -> January | V614: =IF(M614="",M613,M614) -> 0.2273 | W614: =IF(C614=1,"winter",("invalid")) -> winter
A615: 614 | B615: 40571 | C615: 1 | D615: 0 | E615: 1 | F615: 19 | G615: FALSE | H615: 5 | I615: Friday | J615: 2 | K615: Cloudy | L615: 0.24 | M615: 0.2424 | N615: 0.75 | O615: 0.1343 | P615: 5 | Q615: 84 | R615: 89 | T615: =IF(K601=1,"Clear",IF(K601=2,"Cloudy",IF(K601=3,"Light Rain",IF(K601=4,"Heavy Rain",("invalid"))))) -> invalid | U615: =IF(E606=1,"January",IF(E606=2,"February",("invalid"))) -> January | V615: =IF(M615="",M614,M615) -> 0.2424 | W615: =IF(C615=1,"winter",("invalid")) -> winter
A616: 615 | B616: 40571 | C616: 1 | D616: 0 | E616: 1 | F616: 20 | G616: FALSE | H616: 5 | I616: Friday | J616: 2 | K616: Cloudy | L616: 0.24 | M616: 0.2273 | N616: 0.7 | O616: 0.194 | P616: 1 | Q616: 61 | R616: 62 | T616: =IF(K602=1,"Clear",IF(K602=2,"Cloudy",IF(K602=3,"Light Rain",IF(K602=4,"Heavy Rain",("invalid"))))) -> invalid | U616: =IF(E607=1,"January",IF(E607=2,"February",("invalid"))) -> January | V616: =IF(M616="",M615,M616) -> 0.2273 | W616: =IF(C616=1,"winter",("invalid")) -> winter
A617: 616 | B617: 40571 | C617: 1 | D617: 0 | E617: 1 | F617: 21 | G617: FALSE | H617: 5 | I617: Friday | J617: 2 | K617: Cloudy | L617: 0.22 | M617: 0.2273 | N617: 0.75 | O617: 0.1343 | P617: 1 | Q617: 57 | R617: 58 | T617: =IF(K603=1,"Clear",IF(K603=2,"Cloudy",IF(K603=3,"Light Rain",IF(K603=4,"Heavy Rain",("invalid"))))) -> invalid | U617: =IF(E608=1,"January",IF(E608=2,"February",("invalid"))) -> January | V617: =IF(M617="",M616,M617) -> 0.2273 | W617: =IF(C617=1,"winter",("invalid")) -> winter
A618: 617 | B618: 40571 | C618: 1 | D618: 0 | E618: 1 | F618: 22 | G618: FALSE | H618: 5 | I618: Friday | J618: 1 | K618: Clear | L618: 0.24 | M618: 0.2121 | N618: 0.65 | O618: 0.3582 | P618: 0 | Q618: 26 | R618: 26 | T618: =IF(K604=1,"Clear",IF(K604=2,"Cloudy",IF(K604=3,"Light Rain",IF(K604=4,"Heavy Rain",("invalid"))))) -> invalid | U618: =IF(E609=1,"January",IF(E609=2,"February",("invalid"))) -> January | V618: =IF(M618="",M617,M618) -> 0.2121 | W618: =IF(C618=1,"winter",("invalid")) -> winter
A619: 618 | B619: 40571 | C619: 1 | D619: 0 | E619: 1 | F619: 23 | G619: FALSE | H619: 5 | I619: Friday | J619: 1 | K619: Clear | L619: 0.24 | M619: 0.2273 | N619: 0.6 | O619: 0.2239 | P619: 1 | Q619: 22 | R619: 23 | T619: =IF(K605=1,"Clear",IF(K605=2,"Cloudy",IF(K605=3,"Light Rain",IF(K605=4,"Heavy Rain",("invalid"))))) -> invalid | U619: =IF(E610=1,"January",IF(E610=2,"February",("invalid"))) -> January | V619: =IF(M619="",M618,M619) -> 0.2273 | W619: =IF(C619=1,"winter",("invalid")) -> winter
A620: 619 | B620: 40572 | C620: 1 | D620: 0 | E620: 1 | F620: 0 | G620: FALSE | H620: 6 | I620: Saturday | J620: 1 | K620: Clear | L620: 0.22 | M620: 0.197 | N620: 0.64 | O620: 0.3582 | P620: 2 | Q620: 26 | R620: 28 | T620: =IF(K606=1,"Clear",IF(K606=2,"Cloudy",IF(K606=3,"Light Rain",IF(K606=4,"Heavy Rain",("invalid"))))) -> invalid | U620: =IF(E611=1,"January",IF(E611=2,"February",("invalid"))) -> January | V620: =IF(M620="",M619,M620) -> 0.197 | W620: =IF(C620=1,"winter",("invalid")) -> winter
A621: 620 | B621: 40572 | C621: 1 | D621: 0 | E621: 1 | F621: 1 | G621: FALSE | H621: 6 | I621: Saturday | J621: 1 | K621: Clear | L621: 0.22 | M621: 0.2273 | N621: 0.64 | O621: 0.194 | P621: 0 | Q621: 20 | R621: 20 | T621: =IF(K607=1,"Clear",IF(K607=2,"Cloudy",IF(K607=3,"Light Rain",IF(K607=4,"Heavy Rain",("invalid"))))) -> invalid | U621: =IF(E612=1,"January",IF(E612=2,"February",("invalid"))) -> January | V621: =IF(M621="",M620,M621) -> 0.2273 | W621: =IF(C621=1,"winter",("invalid")) -> winter
A622: 621 | B622: 40572 | C622: 1 | D622: 0 | E622: 1 | F622: 2 | G622: FALSE | H622: 6 | I622: Saturday | J622: 1 | K622: Clear | L622: 0.22 | M622: 0.2273 | N622: 0.64 | O622: 0.1642 | P622: 0 | Q622: 15 | R622: 15 | T622: =IF(K608=1,"Clear",IF(K608=2,"Cloudy",IF(K608=3,"Light Rain",IF(K608=4,"Heavy Rain",("invalid"))))) -> invalid | U622: =IF(E613=1,"January",IF(E613=2,"February",("invalid"))) -> January | V622: =IF(M622="",M621,M622) -> 0.2273 | W622: =IF(C622=1,"winter",("invalid")) -> winter
A623: 622 | B623: 40572 | C623: 1 | D623: 0 | E623: 1 | F623: 3 | G623: FALSE | H623: 6 | I623: Saturday | J623: 1 | K623: Clear | L623: 0.2 | M623: 0.2121 | N623: 0.64 | O623: 0.1343 | P623: 3 | Q623: 5 | R623: 8 | T623: =IF(K609=1,"Clear",IF(K609=2,"Cloudy",IF(K609=3,"Light Rain",IF(K609=4,"Heavy Rain",("invalid"))))) -> invalid | U623: =IF(E614=1,"January",IF(E614=2,"February",("invalid"))) -> January | V623: =IF(M623="",M622,M623) -> 0.2121 | W623: =IF(C623=1,"winter",("invalid")) -> winter
... A1001: 1000 | B1001: 40588 | C1001: 1 | D1001: 0 | E1001: 2 | F1001: 7 | G1001: FALSE | H1001: 1 | I1001: Monday | J1001: 1 | K1001: Clear | L1001: 0.34 | M1001: 0.303 | N1001: 0.46 | O1001: 0.2985 | P1001: 2 | Q1001: 96 | R1001: 98 | T1001: =IF(K987=1,"Clear",IF(K987=2,"Cloudy",IF(K987=3,"Light Rain",IF(K987=4,"Heavy Rain",("invalid"))))) -> invalid | U1001: =IF(E992=1,"January",IF(E992=2,"February",("invalid"))) -> February | V1001: =IF(M1001="",M1000,M1001) -> 0.303 | W1001: =IF(C1001=1,"winter",("invalid")) -> winter
T1002: =IF(K988=1,"Clear",IF(K988=2,"Cloudy",IF(K988=3,"Light Rain",IF(K988=4,"Heavy Rain",("invalid"))))) -> invalid | U1002: =IF(E993=1,"January",IF(E993=2,"February",("invalid"))) -> February | W1002: =IF(C1002=1,"winter",("invalid")) -> invalid
T1003: =IF(K989=1,"Clear",IF(K989=2,"Cloudy",IF(K989=3,"Light Rain",IF(K989=4,"Heavy Rain",("invalid"))))) -> invalid | U1003: =IF(E994=1,"January",IF(E994=2,"February",("invalid"))) -> February
T1004: =IF(K990=1,"Clear",IF(K990=2,"Cloudy",IF(K990=3,"Light Rain",IF(K990=4,"Heavy Rain",("invalid"))))) -> invalid | U1004: =IF(E995=1,"January",IF(E995=2,"February",("invalid"))) -> February
T1005: =IF(K991=1,"Clear",IF(K991=2,"Cloudy",IF(K991=3,"Light Rain",IF(K991=4,"Heavy Rain",("invalid"))))) -> invalid | U1005: =IF(E996=1,"January",IF(E996=2,"February",("invalid"))) -> February
T1006: =IF(K992=1,"Clear",IF(K992=2,"Cloudy",IF(K992=3,"Light Rain",IF(K992=4,"Heavy Rain",("invalid"))))) -> invalid | U1006: =IF(E997=1,"January",IF(E997=2,"February",("invalid"))) -> February
T1007: =IF(K993=1,"Clear",IF(K993=2,"Cloudy",IF(K993=3,"Light Rain",IF(K993=4,"Heavy Rain",("invalid"))))) -> invalid | U1007: =IF(E998=1,"January",IF(E998=2,"February",("invalid"))) -> February
T1008: =IF(K994=1,"Clear",IF(K994=2,"Cloudy",IF(K994=3,"Light Rain",IF(K994=4,"Heavy Rain",("invalid"))))) -> invalid | U1008: =IF(E999=1,"January",IF(E999=2,"February",("invalid"))) -> February
T1009: =IF(K995=1,"Clear",IF(K995=2,"Cloudy",IF(K995=3,"Light Rain",IF(K995=4,"Heavy Rain",("invalid"))))) -> invalid | U1009: =IF(E1000=1,"January",IF(E1000=2,"February",("invalid"))) -> February
T1010: =IF(K996=1,"Clear",IF(K996=2,"Cloudy",IF(K996=3,"Light Rain",IF(K996=4,"Heavy Rain",("invalid"))))) -> invalid | U1010: =IF(E1001=1,"January",IF(E1001=2,"February",("invalid"))) -> February
T1011: =IF(K997=1,"Clear",IF(K997=2,"Cloudy",IF(K997=3,"Light Rain",IF(K997=4,"Heavy Rain",("invalid"))))) -> invalid | U1011: =IF(E1002=1,"January",IF(E1002=2,"February",("invalid"))) -> invalid
T1012: =IF(K998=1,"Clear",IF(K998=2,"Cloudy",IF(K998=3,"Light Rain",IF(K998=4,"Heavy Rain",("invalid"))))) -> invalid | U1012: =IF(E1003=1,"January",IF(E1003=2,"February",("invalid"))) -> invalid
T1013: =IF(K999=1,"Clear",IF(K999=2,"Cloudy",IF(K999=3,"Light Rain",IF(K999=4,"Heavy Rain",("invalid"))))) -> invalid | U1013: =IF(E1004=1,"January",IF(E1004=2,"February",("invalid"))) -> invalid
T1014: =IF(K1000=1,"Clear",IF(K1000=2,"Cloudy",IF(K1000=3,"Light Rain",IF(K1000=4,"Heavy Rain",("invalid"))))) -> invalid | U1014: =IF(E1005=1,"January",IF(E1005=2,"February",("invalid"))) -> invalid
... T1026: =IF(K1012=1,"Clear",IF(K1012=2,"Cloudy",IF(K1012=3,"Light Rain",IF(K1012=4,"Heavy Rain",("invalid"))))) -> invalid | U1026: =IF(E1017=1,"January",IF(E1017=2,"February",("invalid"))) -> invalid
T1027: =IF(K1013=1,"Clear",IF(K1013=2,"Cloudy",IF(K1013=3,"Light Rain",IF(K1013=4,"Heavy Rain",("invalid"))))) -> invalid
T1028: =IF(K1014=1,"Clear",IF(K1014=2,"Cloudy",IF(K1014=3,"Light Rain",IF(K1014=4,"Heavy Rain",("invalid"))))) -> invalid
T1029: =IF(K1015=1,"Clear",IF(K1015=2,"Cloudy",IF(K1015=3,"Light Rain",IF(K1015=4,"Heavy Rain",("invalid"))))) -> invalid
T1030: =IF(K1016=1,"Clear",IF(K1016=2,"Cloudy",IF(K1016=3,"Light Rain",IF(K1016=4,"Heavy Rain",("invalid"))))) -> invalid
T1031: =IF(K1017=1,"Clear",IF(K1017=2,"Cloudy",IF(K1017=3,"Light Rain",IF(K1017=4,"Heavy Rain",("invalid"))))) -> invalid
T1032: =IF(K1018=1,"Clear",IF(K1018=2,"Cloudy",IF(K1018=3,"Light Rain",IF(K1018=4,"Heavy Rain",("invalid"))))) -> invalid
T1033: =IF(K1019=1,"Clear",IF(K1019=2,"Cloudy",IF(K1019=3,"Light Rain",IF(K1019=4,"Heavy Rain",("invalid"))))) -> invalid
T1034: =IF(K1020=1,"Clear",IF(K1020=2,"Cloudy",IF(K1020=3,"Light Rain",IF(K1020=4,"Heavy Rain",("invalid"))))) -> invalid
T1035: =IF(K1021=1,"Clear",IF(K1021=2,"Cloudy",IF(K1021=3,"Light Rain",IF(K1021=4,"Heavy Rain",("invalid"))))) -> invalid
T1036: =IF(K1022=1,"Clear",IF(K1022=2,"Cloudy",IF(K1022=3,"Light Rain",IF(K1022=4,"Heavy Rain",("invalid"))))) -> invalid
T1037: =IF(K1023=1,"Clear",IF(K1023=2,"Cloudy",IF(K1023=3,"Light Rain",IF(K1023=4,"Heavy Rain",("invalid"))))) -> invalid
T1038: =IF(K1024=1,"Clear",IF(K1024=2,"Cloudy",IF(K1024=3,"Light Rain",IF(K1024=4,"Heavy Rain",("invalid"))))) -> invalid
... T1043: =IF(K1029=1,"Clear",IF(K1029=2,"Cloudy",IF(K1029=3,"Light Rain",IF(K1029=4,"Heavy Rain",("invalid"))))) -> invalid

Sheet Lookup_table
G2: Lookup_Tables
B7: Season_Lookup | E7: Weather_lookup | H7: Weekday_Lookup | K7: Month_Lookup
B9: season_code | C9: seasson | E9: Weather_code | F9: weather | H9: Day_code | I9: day | K9: Month_code | L9: Month
B10: 1 | C10: Winter | E10: 1 | F10: Clear | H10: 0 | I10: Sunday | K10: 1 | L10: January
B11: 2 | C11: Spring | E11: 2 | F11: Cloudy | H11: 1 | I11: Monday | K11: 2 | L11: February
B12: 3 | C12: Summer | E12: 3 | F12: Light rain | H12: 2 | I12: Tuesday | K12: 3 | L12: March
B13: 4 | C13: Fall | E13: 4 | F13: Heavy Rain | H13: 3 | I13: Wednesday | K13: 4 | L13: April
H14: 4 | I14: Thursday | K14: 5 | L14: May
H15: 5 | I15: Friday | K15: 6 | L15: June
H16: 6 | I16: Saturday | K16: 7 | L16: July
K17: 8 | L17: August
K18: 9 | L18: September
K19: 10 | L19: October
K20: 11 | L20: November
K21: 12 | L21: December

Sheet Calculation
B2: BIKE SHARING DEMAND ANALYSIS -Statistical Summary & Data Insight
B7: 1. Total Rental | E7: 2. Descriptive Statistics | K7: 3. Weather-Demand Relationship
B9: Messure | C9: Formula | E9: Variable | F9: Average | G9: Minimum | H9: Maximum | I9: Sample Std Dev | K9: Weather Variable | L9: Registered Rentals | M9: Casual Rentals | N9: Total Rental
B10: Total Casual Rentals | C10: =SUM('rough work'!P2:P1001) -> 4921 | E10: Total Rentals | F10: =AVERAGE(C14) -> 58304 | G10: =MIN(Append1[Total_Rentals]) -> 1 | H10: =MAX(Append1[Total_Rentals]) -> 249 | I10: =_xlfn.STDEV.S(Append1[Total_Rentals]) -> 50.985558 | K10: Temperature | L10: =CORREL(Append1[Registered_Rentals],Append1[Temperature]) -> 0.16904505 | M10: =CORREL(Append1[Casual_Rentals],Append1[Temperature]) -> 0.47022073 | N10: =CORREL(Append1[Total_Rentals],Append1[Temperature]) -> 0.22929155
B11: Total Registered Rental | C11: =SUM(Append1[Registered_Rentals]) -> 53383 | E11: Casual Rentals | F11: =AVERAGE(C10) -> 4921 | G11: =MIN(Append1[Casual_Rentals]) -> 0 | H11: =MAX(Append1[Casual_Rentals]) -> 62 | I11: =_xlfn.STDEV.S(Append1[Casual_Rentals]) -> 7.6438988 | K11: Apparent Temperature | L11: =CORREL(Append1[Registered_Rentals],Append1[Assumed_Temperature]) -> 0.12102161 | M11: =CORREL(Append1[Casual_Rentals],Append1[Assumed_Temperature]) -> 0.41079968 | N11: =CORREL(Append1[Total_Rentals],Append1[Assumed_Temperature]) -> 0.17527152
B12: Total Number Of Record | C12: =COUNT(Append1[Record_Id]) -> 1000 | E12: Registered Rentals | F12: =SUM(Append1[Registered_Rentals]) -> 53383 | G12: =MIN(Append1[Registered_Rentals]) -> 0 | H12: =MAX(Append1[Registered_Rentals]) -> 247 | I12: =_xlfn.STDEV.S(Append1[Registered_Rentals]) -> 47.893968 | K12: Humidity | L12: =CORREL(Append1[Registered_Rentals],Append1[Humidity]) -> -0.22937044 | M12: =CORREL(Append1[Casual_Rentals],Append1[Humidity]) -> -0.25940745 | N12: =CORREL(Append1[Total_Rentals],Append1[Humidity]) -> -0.2543533
B13: Total Peak demand hour | C13: =_xlfn.MODE.SNGL('cleaned_dataset A'!F:F) -> 16 | E13: Temperature | F13: =SUM(Append1[Temperature]) -> 205.9 | G13: =MIN(Append1[Temperature]) -> 0.02 | H13: =MAX(Append1[Temperature]) -> 0.46 | I13: =_xlfn.STDEV.S(Append1[Temperature]) -> 0.078977386 | K13: Wind Speed | L13: =CORREL(Append1[Registered_Rentals],Append1[Wind_Speed]) -> 0.090058729 | M13: =CORREL(Append1[Casual_Rentals],Append1[Wind_Speed]) -> 0.12939194 | N13: =CORREL(Append1[Total_Rentals],Append1[Wind_Speed]) -> 0.10399668
B14: Total Rentals | C14: =SUM(C10,C11) -> 58304 | E14: Assumed Temperature | F14: =SUM(Append1[Assumed_Temperature]) -> 213.6708 | G14: =MIN(Append1[Assumed_Temperature]) -> 0 | H14: =MAX('cleaned_dataset A'!L2:L1005) -> 0.999 | I14: =_xlfn.STDEV.S(Append1[Assumed_Temperature]) -> 0.081247734
E15: Humidity | F15: =SUM(Append1[Humidity]) -> 582.48 | G15: =MIN(Append1[Humidity]) -> 0.21 | H15: =MAX(Append1[Humidity]) -> 1 | I15: =_xlfn.STDEV.S(Append1[Humidity]) -> 0.18797709
E16: Wind Speed | F16: =SUM(Append1[Wind_Speed]) -> 194.9313 | G16: =MIN(Append1[Wind_Speed]) -> 0 | H16: =MAX(Append1[Wind_Speed]) -> 0.5821 | I16: =_xlfn.STDEV.S(Append1[Wind_Speed]) -> 0.12912607
B20: 4. Demand by Day Type and Holiday | E20: 5. Weather Condition Summary
B22: Measure | C22: Formula | E22: Weather | F22: Count of Record | G22: Total Rentals | H22: Average Rentals per Record
B23: Average Rentals on Holidays | C23: =AVERAGEIF('cleaned_dataset A'!G:G,TRUE,'cleaned_dataset A'!Q:Q) -> 41.666667 | E23: Clear | F23: =COUNTIF(Append1[[#All],[Weather_Description]],'cleaned_dataset A'!R2) -> 606 | G23: =SUMIF(Append1[Weather_Description],'cleaned_dataset A'!R969,Append1[Total_Rentals]) -> 37373 | H23: =AVERAGEIF(Append1[Weather_Description],'cleaned_dataset A'!R2,Append1[[#All],[Total_Rentals]]) -> 61.014876
B24: Average Rentals on Non-Holidays | C24: =AVERAGE('cleaned_dataset A'!G:G,FALSE,'cleaned_dataset A'!Q:Q) -> 58.245754 | E24: Cloudy | F24: =COUNTIF(Append1[[#All],[Weather_Description]],'cleaned_dataset A'!R7) -> 309 | G24: =SUMIF(Append1[Weather_Description],'cleaned_dataset A'!R7,Append1[Total_Rentals]) -> 18106 | H24: =AVERAGEIF(Append1[Weather_Description],'cleaned_dataset A'!R7,Append1[Total_Rentals]) -> 58.595469
E25: Light Rain | F25: =COUNTIF(Append1[[#All],[Weather_Description]],'cleaned_dataset A'!R20) -> 84 | G25: =SUMIF(Append1[Weather_Description],'cleaned_dataset A'!R20,Append1[Total_Rentals]) -> 2789 | H25: =AVERAGEIF(Append1[Weather_Description],'cleaned_dataset A'!R20,Append1[Total_Rentals]) -> 33.202381
E26: Heavy Rain | F26: =COUNTIF(Append1[[#All],[Weather_Description]],'cleaned_dataset A'!R587) -> 1 | G26: =SUMIF(Append1[Weather_Description],'cleaned_dataset A'!R587,Append1[Total_Rentals]) -> 36 | H26: =AVERAGEIF(Append1[Weather_Description],'cleaned_dataset A'!R587,Append1[Total_Rentals]) -> 36

Sheet Dashboard 1

Sheet Pivot_analysis
A1: Holiday | B1: (All) | M1: wewe
A3: Sum of Total_Rentals | B3: Column Labels | H3: Row Labels | I3: Sum of Casual_Rentals | K3: Row Labels | L3: Sum of Total_Rentals | M3: Row Labels | N3: Sum of Total_Rentals | O3: Sum of Weather_Code | R3: Row Labels | S3: Sum of Registered_Rentals | T3: Sum of Casual_Rentals
A4: Row Labels | B4: Cloudy | C4: Grand Total | H4: SUNDAY | I4: 1477 | K4: 40568 | L4: 1985 | M4: SUNDAY | N4: 8121 | O4: 210 | R4: 40544 | S4: 654 | T4: 331 | V4: Row Labels | W4: Sum of Total_Rentals
A5: 40544 | B5: 608 | C5: 608 | H5: Monday | I5: 534 | K5: 40563 | L5: 1927 | M5: Monday | N5: 8450 | O5: 220 | R5: 40545 | S5: 670 | T5: 131 | V5: 0 | W5: 703
A6: 40545 | B6: 417 | C6: 417 | H6: Tuesday | I6: 457 | K6: 40585 | L6: 1746 | M6: Tuesday | N6: 8383 | O6: 214 | R6: 40546 | S6: 1229 | T6: 120 | V6: 1 | W6: 460
A7: 40547 | B7: 42 | C7: 42 | H7: Wednesday | I7: 344 | K7: 40581 | L7: 1712 | M7: Wednesday | N7: 8049 | O7: 216 | R7: 40547 | S7: 1454 | T7: 108 | V7: 2 | W7: 294
A8: 40549 | B8: 381 | C8: 381 | H8: Thursday | I8: 332 | K8: 40578 | L8: 1708 | M8: Thursday | N8: 8458 | O8: 157 | R8: 40548 | S8: 1518 | T8: 82 | V8: 3 | W8: 151
A9: 40550 | B9: 706 | C9: 706 | H9: Friday | I9: 552 | K9: Grand Total | L9: 9078 | M9: Friday | N9: 9095 | O9: 207 | R9: 40549 | S9: 1518 | T9: 88 | V9: 4 | W9: 69
A10: 40551 | B10: 294 | C10: 294 | H10: Saturday | I10: 1225 | M10: Saturday | N10: 7748 | O10: 256 | R10: 40550 | S10: 1362 | T10: 148 | V10: 5 | W10: 164
A11: 40553 | B11: 541 | C11: 541 | H11: Grand Total | I11: 4921 | M11: Grand Total | N11: 58304 | O11: 1480 | R11: 40551 | S11: 891 | T11: 68 | V11: 6 | W11: 822
A12: 40554 | B12: 1002 | C12: 1002 | R12: 40552 | S12: 768 | T12: 54 | V12: 7 | W12: 2339
A13: 40555 | B13: 13 | C13: 13 | R13: 40553 | S13: 1280 | T13: 41 | V13: 8 | W13: 5388
A14: 40556 | B14: 75 | C14: 75 | R14: 40554 | S14: 1220 | T14: 43 | V14: 9 | W14: 3672
A15: 40557 | B15: 63 | C15: 63 | R15: 40555 | S15: 1137 | T15: 25 | V15: 10 | W15: 2253
A16: 40558 | B16: 667 | C16: 667 | R16: 40556 | S16: 1368 | T16: 38 | V16: 11 | W16: 2494
A17: 40559 | B17: 45 | C17: 45 | R17: 40557 | S17: 1367 | T17: 54 | V17: 12 | W17: 3283
A18: 40560 | B18: 792 | C18: 792 | R18: 40558 | S18: 1026 | T18: 222 | V18: 13 | W18: 3376
A19: 40561 | B19: 683 | C19: 683 | R19: 40559 | S19: 953 | T19: 251 | V19: 14 | W19: 3200
A20: 40562 | B20: 607 | C20: 607 | R20: 40560 | S20: 883 | T20: 117 | V20: 15 | W20: 3352
A21: 40563 | B21: 1305 | C21: 1305 | R21: 40561 | S21: 674 | T21: 9 | V21: 16 | W21: 3928
A22: 40564 | B22: 28 | C22: 28 | R22: 40562 | S22: 1572 | T22: 78 | V22: 17 | W22: 6169
A23: 40565 | B23: 221 | C23: 221 | R23: 40563 | S23: 1844 | T23: 83 | V23: 18 | W23: 5283
... A28: 40571 | B28: 502 | C28: 502 | R28: 40568 | S28: 1799 | T28: 186 | V28: 23 | W28: 1083
A29: 40572 | B29: 419 | C29: 419 | R29: 40569 | S29: 472 | T29: 34 | V29: Grand Total | W29: 58304
A30: 40573 | B30: 217 | C30: 217 | R30: 40570 | S30: 416 | T30: 15
A31: 40574 | B31: 1199 | C31: 1199 | R31: 40571 | S31: 1129 | T31: 38
A32: 40575 | B32: 1132 | C32: 1132 | R32: 40572 | S32: 975 | T32: 123
A33: 40576 | B33: 300 | C33: 300 | R33: 40573 | S33: 956 | T33: 140
A34: 40578 | B34: 1337 | C34: 1337 | R34: 40574 | S34: 1459 | T34: 42
A35: 40579 | B35: 330 | C35: 330 | R35: 40575 | S35: 1313 | T35: 47
A36: 40581 | B36: 1216 | C36: 1216 | R36: 40576 | S36: 1454 | T36: 72
A37: 40582 | B37: 66 | C37: 66 | R37: 40577 | S37: 1489 | T37: 61
A38: 40583 | B38: 664 | C38: 664 | R38: 40578 | S38: 1620 | T38: 88
A39: 40584 | B39: 33 | C39: 33 | R39: 40579 | S39: 905 | T39: 100
A40: 40587 | B40: 558 | C40: 558 | R40: 40580 | S40: 1269 | T40: 354
A41: Grand Total | B41: 18106 | C41: 18106 | R41: 40581 | S41: 1592 | T41: 120
R42: 40582 | S42: 1466 | T42: 64
R43: 40583 | S43: 1552 | T43: 53
R44: 40584 | S44: 1491 | T44: 47
R45: 40585 | S45: 1597 | T45: 149
R46: 40586 | S46: 1184 | T46: 288
R47: 40587 | S47: 1192 | T47: 397
R48: 40588 | S48: 143 | T48: 8
R49: Grand Total | S49: 53383 | T49: 4921

Sheet Sheet21
